Number,Group,Sub-group,Type,Protocol,Universe,Address,X,Y
1,Haut,Port 1,GRB,ArtNet,0,1,0,0
2,Haut,Port 1,GRB,ArtNet,0,4,3,0
3,Haut,Port 1,GRB,ArtNet,0,7,5,0
4,Haut,Port 1,GRB,ArtNet,0,10,8,0
5,Haut,Port 1,GRB,ArtNet,0,13,10,0
6,Haut,Port 1,GRB,ArtNet,0,16,13,0
7,Haut,Port 1,GRB,ArtNet,0,19,15,0
8,Haut,Port 1,GRB,ArtNet,0,22,18,0
9,Haut,Port 1,GRB,ArtNet,0,25,20,0
10,Haut,Port 1,GRB,ArtNet,0,28,23,0
11,Haut,Port 1,GRB,ArtNet,0,31,25,0
12,Haut,Port 1,GRB,ArtNet,0,34,28,0
13,Haut,Port 1,GRB,ArtNet,0,37,30,0
14,Haut,Port 1,GRB,ArtNet,0,40,33,0
15,Haut,Port 1,GRB,ArtNet,0,43,35,0
16,Haut,Port 1,GRB,ArtNet,0,46,38,0
17,Haut,Port 1,GRB,ArtNet,0,49,40,0
18,Haut,Port 1,GRB,ArtNet,0,52,43,0
19,Haut,Port 1,GRB,ArtNet,0,55,45,0
20,Haut,Port 1,GRB,ArtNet,0,58,48,0
21,Haut,Port 1,GRB,ArtNet,0,61,51,0
22,Haut,Port 1,GRB,ArtNet,0,64,53,0
23,Haut,Port 1,GRB,ArtNet,0,67,56,0
24,Haut,Port 1,GRB,ArtNet,0,70,58,0
25,Haut,Port 1,GRB,ArtNet,0,73,61,0
26,Haut,Port 1,GRB,ArtNet,0,76,63,0
27,Haut,Port 1,GRB,ArtNet,0,79,66,0
28,Haut,Port 1,GRB,ArtNet,0,82,68,0
29,Haut,Port 1,GRB,ArtNet,0,85,71,0
30,Haut,Port 1,GRB,ArtNet,0,88,73,0
31,Haut,Port 1,GRB,ArtNet,0,91,76,0
32,Haut,Port 1,GRB,ArtNet,0,94,78,0
33,Haut,Port 1,GRB,ArtNet,0,97,81,0
34,Haut,Port 1,GRB,ArtNet,0,100,83,0
35,Haut,Port 1,GRB,ArtNet,0,103,86,0
36,Haut,Port 1,GRB,ArtNet,0,106,88,0
37,Haut,Port 1,GRB,ArtNet,0,109,91,0
38,Haut,Port 1,GRB,ArtNet,0,112,93,0
39,Haut,Port 1,GRB,ArtNet,0,115,96,0
40,Haut,Port 1,GRB,ArtNet,0,118,98,0
41,Haut,Port 1,GRB,ArtNet,0,121,101,0
42,Haut,Port 1,GRB,ArtNet,0,124,104,0
43,Haut,Port 1,GRB,ArtNet,0,127,106,0
44,Haut,Port 1,GRB,ArtNet,0,130,109,0
45,Haut,Port 1,GRB,ArtNet,0,133,111,0
46,Haut,Port 1,GRB,ArtNet,0,136,114,0
47,Haut,Port 1,GRB,ArtNet,0,139,116,0
48,Haut,Port 1,GRB,ArtNet,0,142,119,0
49,Haut,Port 1,GRB,ArtNet,0,145,121,0
50,Haut,Port 1,GRB,ArtNet,0,148,124,0
51,Haut,Port 1,GRB,ArtNet,0,151,126,0
52,Haut,Port 1,GRB,ArtNet,0,154,129,0
53,Haut,Port 1,GRB,ArtNet,0,157,131,0
54,Haut,Port 1,GRB,ArtNet,0,160,134,0
55,Haut,Port 1,GRB,ArtNet,0,163,136,0
56,Haut,Port 1,GRB,ArtNet,0,166,139,0
57,Haut,Port 1,GRB,ArtNet,0,169,141,0
58,Haut,Port 1,GRB,ArtNet,0,172,144,0
59,Haut,Port 1,GRB,ArtNet,0,175,146,0
60,Haut,Port 1,GRB,ArtNet,0,178,149,0
61,Haut,Port 1,GRB,ArtNet,0,181,150,0
62,Haut,Port 1,GRB,ArtNet,0,184,150,3
63,Haut,Port 1,GRB,ArtNet,0,187,150,5
64,Haut,Port 1,GRB,ArtNet,0,190,150,8
65,Haut,Port 1,GRB,ArtNet,0,193,150,10
66,Haut,Port 1,GRB,ArtNet,0,196,150,13
67,Haut,Port 1,GRB,ArtNet,0,199,150,15
68,Haut,Port 1,GRB,ArtNet,0,202,150,18
69,Haut,Port 1,GRB,ArtNet,0,205,150,20
70,Haut,Port 1,GRB,ArtNet,0,208,150,23
71,Haut,Port 1,GRB,ArtNet,0,211,150,25
72,Haut,Port 1,GRB,ArtNet,0,214,150,28
73,Haut,Port 1,GRB,ArtNet,0,217,150,30
74,Haut,Port 1,GRB,ArtNet,0,220,150,33
75,Haut,Port 1,GRB,ArtNet,0,223,150,35
76,Haut,Port 1,GRB,ArtNet,0,226,150,38
77,Haut,Port 1,GRB,ArtNet,0,229,150,40
78,Haut,Port 1,GRB,ArtNet,0,232,150,43
79,Haut,Port 1,GRB,ArtNet,0,235,150,45
80,Haut,Port 1,GRB,ArtNet,0,238,150,48
81,Haut,Port 1,GRB,ArtNet,0,241,150,51
82,Haut,Port 1,GRB,ArtNet,0,244,150,53
83,Haut,Port 1,GRB,ArtNet,0,247,150,56
84,Haut,Port 1,GRB,ArtNet,0,250,150,58
85,Haut,Port 1,GRB,ArtNet,0,253,150,61
86,Haut,Port 1,GRB,ArtNet,0,256,150,63
87,Haut,Port 1,GRB,ArtNet,0,259,150,66
88,Haut,Port 1,GRB,ArtNet,0,262,150,68
89,Haut,Port 1,GRB,ArtNet,0,265,150,71
90,Haut,Port 1,GRB,ArtNet,0,268,150,73
91,Haut,Port 1,GRB,ArtNet,0,271,150,76
92,Haut,Port 1,GRB,ArtNet,0,274,150,78
93,Haut,Port 1,GRB,ArtNet,0,277,150,81
94,Haut,Port 1,GRB,ArtNet,0,280,150,83
95,Haut,Port 1,GRB,ArtNet,0,283,150,86
96,Haut,Port 1,GRB,ArtNet,0,286,150,88
97,Haut,Port 1,GRB,ArtNet,0,289,150,91
98,Haut,Port 1,GRB,ArtNet,0,292,150,93
99,Haut,Port 1,GRB,ArtNet,0,295,150,96
100,Haut,Port 1,GRB,ArtNet,0,298,150,98
101,Haut,Port 1,GRB,ArtNet,0,301,150,101
102,Haut,Port 1,GRB,ArtNet,0,304,150,104
103,Haut,Port 1,GRB,ArtNet,0,307,150,106
104,Haut,Port 1,GRB,ArtNet,0,310,150,109
105,Haut,Port 1,GRB,ArtNet,0,313,150,111
106,Haut,Port 1,GRB,ArtNet,0,316,150,114
107,Haut,Port 1,GRB,ArtNet,0,319,150,116
108,Haut,Port 1,GRB,ArtNet,0,322,150,119
109,Haut,Port 1,GRB,ArtNet,0,325,150,121
110,Haut,Port 1,GRB,ArtNet,0,328,150,124
111,Haut,Port 1,GRB,ArtNet,0,331,150,126
112,Haut,Port 1,GRB,ArtNet,0,334,150,129
113,Haut,Port 1,GRB,ArtNet,0,337,150,131
114,Haut,Port 1,GRB,ArtNet,0,340,150,134
115,Haut,Port 1,GRB,ArtNet,0,343,150,136
116,Haut,Port 1,GRB,ArtNet,0,346,150,139
117,Haut,Port 1,GRB,ArtNet,0,349,150,141
118,Haut,Port 1,GRB,ArtNet,0,352,150,144
119,Haut,Port 1,GRB,ArtNet,0,355,150,146
120,Haut,Port 1,GRB,ArtNet,0,358,150,149
121,Haut,Port 1,GRB,ArtNet,0,361,151,150
122,Haut,Port 1,GRB,ArtNet,0,364,148,150
123,Haut,Port 1,GRB,ArtNet,0,367,146,150
124,Haut,Port 1,GRB,ArtNet,0,370,143,150
125,Haut,Port 1,GRB,ArtNet,0,373,141,150
126,Haut,Port 1,GRB,ArtNet,0,376,138,150
127,Haut,Port 1,GRB,ArtNet,0,379,136,150
128,Haut,Port 1,GRB,ArtNet,0,382,133,150
129,Haut,Port 1,GRB,ArtNet,0,385,130,150
130,Haut,Port 1,GRB,ArtNet,0,388,128,150
131,Haut,Port 1,GRB,ArtNet,0,391,125,150
132,Haut,Port 1,GRB,ArtNet,0,394,123,150
133,Haut,Port 1,GRB,ArtNet,0,397,120,150
134,Haut,Port 1,GRB,ArtNet,0,400,118,150
135,Haut,Port 1,GRB,ArtNet,0,403,115,150
136,Haut,Port 1,GRB,ArtNet,0,406,113,150
137,Haut,Port 1,GRB,ArtNet,0,409,110,150
138,Haut,Port 1,GRB,ArtNet,0,412,108,150
139,Haut,Port 1,GRB,ArtNet,0,415,105,150
140,Haut,Port 1,GRB,ArtNet,0,418,103,150
141,Haut,Port 1,GRB,ArtNet,0,421,100,150
142,Haut,Port 1,GRB,ArtNet,0,424,98,150
143,Haut,Port 1,GRB,ArtNet,0,427,95,150
144,Haut,Port 1,GRB,ArtNet,0,430,93,150
145,Haut,Port 1,GRB,ArtNet,0,433,90,150
146,Haut,Port 1,GRB,ArtNet,0,436,88,150
147,Haut,Port 1,GRB,ArtNet,0,439,85,150
148,Haut,Port 1,GRB,ArtNet,0,442,82,150
149,Haut,Port 1,GRB,ArtNet,0,445,80,150
150,Haut,Port 1,GRB,ArtNet,0,448,77,150
151,Haut,Port 1,GRB,ArtNet,0,451,75,150
152,Haut,Port 1,GRB,ArtNet,0,454,72,150
153,Haut,Port 1,GRB,ArtNet,0,457,70,150
154,Haut,Port 1,GRB,ArtNet,0,460,67,150
155,Haut,Port 1,GRB,ArtNet,0,463,65,150
156,Haut,Port 1,GRB,ArtNet,0,466,62,150
157,Haut,Port 1,GRB,ArtNet,0,469,60,150
158,Haut,Port 1,GRB,ArtNet,0,472,57,150
159,Haut,Port 1,GRB,ArtNet,0,475,55,150
160,Haut,Port 1,GRB,ArtNet,0,478,52,150
161,Haut,Port 1,GRB,ArtNet,0,481,50,150
162,Haut,Port 1,GRB,ArtNet,0,484,47,150
163,Haut,Port 1,GRB,ArtNet,0,487,45,150
164,Haut,Port 1,GRB,ArtNet,0,490,42,150
165,Haut,Port 1,GRB,ArtNet,0,493,40,150
166,Haut,Port 1,GRB,ArtNet,0,496,37,150
167,Haut,Port 1,GRB,ArtNet,0,499,34,150
168,Haut,Port 1,GRB,ArtNet,0,502,32,150
169,Haut,Port 1,GRB,ArtNet,0,505,29,150
170,Haut,Port 1,GRB,ArtNet,0,508,27,150
171,Haut,Port 1,GRB,ArtNet,1,1,24,150
172,Haut,Port 1,GRB,ArtNet,1,4,22,150
173,Haut,Port 1,GRB,ArtNet,1,7,19,150
174,Haut,Port 1,GRB,ArtNet,1,10,17,150
175,Haut,Port 1,GRB,ArtNet,1,13,14,150
176,Haut,Port 1,GRB,ArtNet,1,16,12,150
177,Haut,Port 1,GRB,ArtNet,1,19,9,150
178,Haut,Port 1,GRB,ArtNet,1,22,7,150
179,Haut,Port 1,GRB,ArtNet,1,25,4,150
180,Haut,Port 1,GRB,ArtNet,1,28,2,150
181,Haut,Port 1,GRB,ArtNet,1,31,1,0
182,Haut,Port 1,GRB,ArtNet,1,34,1,3
183,Haut,Port 1,GRB,ArtNet,1,37,1,5
184,Haut,Port 1,GRB,ArtNet,1,40,1,8
185,Haut,Port 1,GRB,ArtNet,1,43,1,10
186,Haut,Port 1,GRB,ArtNet,1,46,1,13
187,Haut,Port 1,GRB,ArtNet,1,49,1,15
188,Haut,Port 1,GRB,ArtNet,1,52,1,18
189,Haut,Port 1,GRB,ArtNet,1,55,1,20
190,Haut,Port 1,GRB,ArtNet,1,58,1,23
191,Haut,Port 1,GRB,ArtNet,1,61,1,25
192,Haut,Port 1,GRB,ArtNet,1,64,1,28
193,Haut,Port 1,GRB,ArtNet,1,67,1,30
194,Haut,Port 1,GRB,ArtNet,1,70,1,33
195,Haut,Port 1,GRB,ArtNet,1,73,1,35
196,Haut,Port 1,GRB,ArtNet,1,76,1,38
197,Haut,Port 1,GRB,ArtNet,1,79,1,40
198,Haut,Port 1,GRB,ArtNet,1,82,1,43
199,Haut,Port 1,GRB,ArtNet,1,85,1,45
200,Haut,Port 1,GRB,ArtNet,1,88,1,48
201,Haut,Port 1,GRB,ArtNet,1,91,1,51
202,Haut,Port 1,GRB,ArtNet,1,94,1,53
203,Haut,Port 1,GRB,ArtNet,1,97,1,56
204,Haut,Port 1,GRB,ArtNet,1,100,1,58
205,Haut,Port 1,GRB,ArtNet,1,103,1,61
206,Haut,Port 1,GRB,ArtNet,1,106,1,63
207,Haut,Port 1,GRB,ArtNet,1,109,1,66
208,Haut,Port 1,GRB,ArtNet,1,112,1,68
209,Haut,Port 1,GRB,ArtNet,1,115,1,71
210,Haut,Port 1,GRB,ArtNet,1,118,1,73
211,Haut,Port 1,GRB,ArtNet,1,121,1,76
212,Haut,Port 1,GRB,ArtNet,1,124,1,78
213,Haut,Port 1,GRB,ArtNet,1,127,1,81
214,Haut,Port 1,GRB,ArtNet,1,130,1,83
215,Haut,Port 1,GRB,ArtNet,1,133,1,86
216,Haut,Port 1,GRB,ArtNet,1,136,1,88
217,Haut,Port 1,GRB,ArtNet,1,139,1,91
218,Haut,Port 1,GRB,ArtNet,1,142,1,93
219,Haut,Port 1,GRB,ArtNet,1,145,1,96
220,Haut,Port 1,GRB,ArtNet,1,148,1,98
221,Haut,Port 1,GRB,ArtNet,1,151,1,101
222,Haut,Port 1,GRB,ArtNet,1,154,1,104
223,Haut,Port 1,GRB,ArtNet,1,157,1,106
224,Haut,Port 1,GRB,ArtNet,1,160,1,109
225,Haut,Port 1,GRB,ArtNet,1,163,1,111
226,Haut,Port 1,GRB,ArtNet,1,166,1,114
227,Haut,Port 1,GRB,ArtNet,1,169,1,116
228,Haut,Port 1,GRB,ArtNet,1,172,1,119
229,Haut,Port 1,GRB,ArtNet,1,175,1,121
230,Haut,Port 1,GRB,ArtNet,1,178,1,124
231,Haut,Port 1,GRB,ArtNet,1,181,1,126
232,Haut,Port 1,GRB,ArtNet,1,184,1,129
233,Haut,Port 1,GRB,ArtNet,1,187,1,131
234,Haut,Port 1,GRB,ArtNet,1,190,1,134
235,Haut,Port 1,GRB,ArtNet,1,193,1,136
236,Haut,Port 1,GRB,ArtNet,1,196,1,139
237,Haut,Port 1,GRB,ArtNet,1,199,1,141
238,Haut,Port 1,GRB,ArtNet,1,202,1,144
239,Haut,Port 1,GRB,ArtNet,1,205,1,146
240,Haut,Port 1,GRB,ArtNet,1,208,1,149
241,Bas,Port 2,GRB,ArtNet,2,1,25,25
242,Bas,Port 2,GRB,ArtNet,2,4,26,25
243,Bas,Port 2,GRB,ArtNet,2,7,28,25
244,Bas,Port 2,GRB,ArtNet,2,10,30,25
245,Bas,Port 2,GRB,ArtNet,2,13,31,25
246,Bas,Port 2,GRB,ArtNet,2,16,33,25
247,Bas,Port 2,GRB,ArtNet,2,19,35,25
248,Bas,Port 2,GRB,ArtNet,2,22,36,25
249,Bas,Port 2,GRB,ArtNet,2,25,38,25
250,Bas,Port 2,GRB,ArtNet,2,28,40,25
251,Bas,Port 2,GRB,ArtNet,2,31,41,25
252,Bas,Port 2,GRB,ArtNet,2,34,43,25
253,Bas,Port 2,GRB,ArtNet,2,37,45,25
254,Bas,Port 2,GRB,ArtNet,2,40,46,25
255,Bas,Port 2,GRB,ArtNet,2,43,48,25
256,Bas,Port 2,GRB,ArtNet,2,46,50,25
257,Bas,Port 2,GRB,ArtNet,2,49,52,25
258,Bas,Port 2,GRB,ArtNet,2,52,53,25
259,Bas,Port 2,GRB,ArtNet,2,55,55,25
260,Bas,Port 2,GRB,ArtNet,2,58,57,25
261,Bas,Port 2,GRB,ArtNet,2,61,58,25
262,Bas,Port 2,GRB,ArtNet,2,64,60,25
263,Bas,Port 2,GRB,ArtNet,2,67,62,25
264,Bas,Port 2,GRB,ArtNet,2,70,63,25
265,Bas,Port 2,GRB,ArtNet,2,73,65,25
266,Bas,Port 2,GRB,ArtNet,2,76,67,25
267,Bas,Port 2,GRB,ArtNet,2,79,68,25
268,Bas,Port 2,GRB,ArtNet,2,82,70,25
269,Bas,Port 2,GRB,ArtNet,2,85,72,25
270,Bas,Port 2,GRB,ArtNet,2,88,73,25
271,Bas,Port 2,GRB,ArtNet,2,91,75,25
272,Bas,Port 2,GRB,ArtNet,2,94,77,25
273,Bas,Port 2,GRB,ArtNet,2,97,78,25
274,Bas,Port 2,GRB,ArtNet,2,100,80,25
275,Bas,Port 2,GRB,ArtNet,2,103,82,25
276,Bas,Port 2,GRB,ArtNet,2,106,83,25
277,Bas,Port 2,GRB,ArtNet,2,109,85,25
278,Bas,Port 2,GRB,ArtNet,2,112,87,25
279,Bas,Port 2,GRB,ArtNet,2,115,88,25
280,Bas,Port 2,GRB,ArtNet,2,118,90,25
281,Bas,Port 2,GRB,ArtNet,2,121,92,25
282,Bas,Port 2,GRB,ArtNet,2,124,93,25
283,Bas,Port 2,GRB,ArtNet,2,127,95,25
284,Bas,Port 2,GRB,ArtNet,2,130,97,25
285,Bas,Port 2,GRB,ArtNet,2,133,98,25
286,Bas,Port 2,GRB,ArtNet,2,136,100,25
287,Bas,Port 2,GRB,ArtNet,2,139,102,25
288,Bas,Port 2,GRB,ArtNet,2,142,104,25
289,Bas,Port 2,GRB,ArtNet,2,145,105,25
290,Bas,Port 2,GRB,ArtNet,2,148,107,25
291,Bas,Port 2,GRB,ArtNet,2,151,109,25
292,Bas,Port 2,GRB,ArtNet,2,154,110,25
293,Bas,Port 2,GRB,ArtNet,2,157,112,25
294,Bas,Port 2,GRB,ArtNet,2,160,114,25
295,Bas,Port 2,GRB,ArtNet,2,163,115,25
296,Bas,Port 2,GRB,ArtNet,2,166,117,25
297,Bas,Port 2,GRB,ArtNet,2,169,119,25
298,Bas,Port 2,GRB,ArtNet,2,172,120,25
299,Bas,Port 2,GRB,ArtNet,2,175,122,25
300,Bas,Port 2,GRB,ArtNet,2,178,124,25
301,Bas,Port 2,GRB,ArtNet,2,181,125,25
302,Bas,Port 2,GRB,ArtNet,2,184,125,27
303,Bas,Port 2,GRB,ArtNet,2,187,125,28
304,Bas,Port 2,GRB,ArtNet,2,190,125,30
305,Bas,Port 2,GRB,ArtNet,2,193,125,32
306,Bas,Port 2,GRB,ArtNet,2,196,125,33
307,Bas,Port 2,GRB,ArtNet,2,199,125,35
308,Bas,Port 2,GRB,ArtNet,2,202,125,37
309,Bas,Port 2,GRB,ArtNet,2,205,125,38
310,Bas,Port 2,GRB,ArtNet,2,208,125,40
311,Bas,Port 2,GRB,ArtNet,2,211,125,42
312,Bas,Port 2,GRB,ArtNet,2,214,125,43
313,Bas,Port 2,GRB,ArtNet,2,217,125,45
314,Bas,Port 2,GRB,ArtNet,2,220,125,47
315,Bas,Port 2,GRB,ArtNet,2,223,125,48
316,Bas,Port 2,GRB,ArtNet,2,226,125,50
317,Bas,Port 2,GRB,ArtNet,2,229,125,52
318,Bas,Port 2,GRB,ArtNet,2,232,125,54
319,Bas,Port 2,GRB,ArtNet,2,235,125,55
320,Bas,Port 2,GRB,ArtNet,2,238,125,57
321,Bas,Port 2,GRB,ArtNet,2,241,125,59
322,Bas,Port 2,GRB,ArtNet,2,244,125,60
323,Bas,Port 2,GRB,ArtNet,2,247,125,62
324,Bas,Port 2,GRB,ArtNet,2,250,125,64
325,Bas,Port 2,GRB,ArtNet,2,253,125,65
326,Bas,Port 2,GRB,ArtNet,2,256,125,67
327,Bas,Port 2,GRB,ArtNet,2,259,125,69
328,Bas,Port 2,GRB,ArtNet,2,262,125,70
329,Bas,Port 2,GRB,ArtNet,2,265,125,72
330,Bas,Port 2,GRB,ArtNet,2,268,125,74
331,Bas,Port 2,GRB,ArtNet,2,271,125,75
332,Bas,Port 2,GRB,ArtNet,2,274,125,77
333,Bas,Port 2,GRB,ArtNet,2,277,125,79
334,Bas,Port 2,GRB,ArtNet,2,280,125,80
335,Bas,Port 2,GRB,ArtNet,2,283,125,82
336,Bas,Port 2,GRB,ArtNet,2,286,125,84
337,Bas,Port 2,GRB,ArtNet,2,289,125,85
338,Bas,Port 2,GRB,ArtNet,2,292,125,87
339,Bas,Port 2,GRB,ArtNet,2,295,125,89
340,Bas,Port 2,GRB,ArtNet,2,298,125,90
341,Bas,Port 2,GRB,ArtNet,2,301,125,92
342,Bas,Port 2,GRB,ArtNet,2,304,125,94
343,Bas,Port 2,GRB,ArtNet,2,307,125,95
344,Bas,Port 2,GRB,ArtNet,2,310,125,97
345,Bas,Port 2,GRB,ArtNet,2,313,125,99
346,Bas,Port 2,GRB,ArtNet,2,316,125,101
347,Bas,Port 2,GRB,ArtNet,2,319,125,102
348,Bas,Port 2,GRB,ArtNet,2,322,125,104
349,Bas,Port 2,GRB,ArtNet,2,325,125,106
350,Bas,Port 2,GRB,ArtNet,2,328,125,107
351,Bas,Port 2,GRB,ArtNet,2,331,125,109
352,Bas,Port 2,GRB,ArtNet,2,334,125,111
353,Bas,Port 2,GRB,ArtNet,2,337,125,112
354,Bas,Port 2,GRB,ArtNet,2,340,125,114
355,Bas,Port 2,GRB,ArtNet,2,343,125,116
356,Bas,Port 2,GRB,ArtNet,2,346,125,117
357,Bas,Port 2,GRB,ArtNet,2,349,125,119
358,Bas,Port 2,GRB,ArtNet,2,352,125,121
359,Bas,Port 2,GRB,ArtNet,2,355,125,122
360,Bas,Port 2,GRB,ArtNet,2,358,125,124
361,Bas,Port 2,GRB,ArtNet,2,361,124,125
362,Bas,Port 2,GRB,ArtNet,2,364,122,125
363,Bas,Port 2,GRB,ArtNet,2,367,121,125
364,Bas,Port 2,GRB,ArtNet,2,370,119,125
365,Bas,Port 2,GRB,ArtNet,2,373,117,125
366,Bas,Port 2,GRB,ArtNet,2,376,116,125
367,Bas,Port 2,GRB,ArtNet,2,379,114,125
368,Bas,Port 2,GRB,ArtNet,2,382,112,125
369,Bas,Port 2,GRB,ArtNet,2,385,110,125
370,Bas,Port 2,GRB,ArtNet,2,388,109,125
371,Bas,Port 2,GRB,ArtNet,2,391,107,125
372,Bas,Port 2,GRB,ArtNet,2,394,105,125
373,Bas,Port 2,GRB,ArtNet,2,397,104,125
374,Bas,Port 2,GRB,ArtNet,2,400,102,125
375,Bas,Port 2,GRB,ArtNet,2,403,100,125
376,Bas,Port 2,GRB,ArtNet,2,406,99,125
377,Bas,Port 2,GRB,ArtNet,2,409,97,125
378,Bas,Port 2,GRB,ArtNet,2,412,95,125
379,Bas,Port 2,GRB,ArtNet,2,415,94,125
380,Bas,Port 2,GRB,ArtNet,2,418,92,125
381,Bas,Port 2,GRB,ArtNet,2,421,90,125
382,Bas,Port 2,GRB,ArtNet,2,424,89,125
383,Bas,Port 2,GRB,ArtNet,2,427,87,125
384,Bas,Port 2,GRB,ArtNet,2,430,85,125
385,Bas,Port 2,GRB,ArtNet,2,433,84,125
386,Bas,Port 2,GRB,ArtNet,2,436,82,125
387,Bas,Port 2,GRB,ArtNet,2,439,80,125
388,Bas,Port 2,GRB,ArtNet,2,442,79,125
389,Bas,Port 2,GRB,ArtNet,2,445,77,125
390,Bas,Port 2,GRB,ArtNet,2,448,75,125
391,Bas,Port 2,GRB,ArtNet,2,451,74,125
392,Bas,Port 2,GRB,ArtNet,2,454,72,125
393,Bas,Port 2,GRB,ArtNet,2,457,70,125
394,Bas,Port 2,GRB,ArtNet,2,460,69,125
395,Bas,Port 2,GRB,ArtNet,2,463,67,125
396,Bas,Port 2,GRB,ArtNet,2,466,65,125
397,Bas,Port 2,GRB,ArtNet,2,469,64,125
398,Bas,Port 2,GRB,ArtNet,2,472,62,125
399,Bas,Port 2,GRB,ArtNet,2,475,60,125
400,Bas,Port 2,GRB,ArtNet,2,478,58,125
401,Bas,Port 2,GRB,ArtNet,2,481,57,125
402,Bas,Port 2,GRB,ArtNet,2,484,55,125
403,Bas,Port 2,GRB,ArtNet,2,487,53,125
404,Bas,Port 2,GRB,ArtNet,2,490,52,125
405,Bas,Port 2,GRB,ArtNet,2,493,50,125
406,Bas,Port 2,GRB,ArtNet,2,496,48,125
407,Bas,Port 2,GRB,ArtNet,2,499,47,125
408,Bas,Port 2,GRB,ArtNet,2,502,45,125
409,Bas,Port 2,GRB,ArtNet,2,505,43,125
410,Bas,Port 2,GRB,ArtNet,2,508,42,125
411,Bas,Port 2,GRB,ArtNet,3,1,40,125
412,Bas,Port 2,GRB,ArtNet,3,4,38,125
413,Bas,Port 2,GRB,ArtNet,3,7,37,125
414,Bas,Port 2,GRB,ArtNet,3,10,35,125
415,Bas,Port 2,GRB,ArtNet,3,13,33,125
416,Bas,Port 2,GRB,ArtNet,3,16,32,125
417,Bas,Port 2,GRB,ArtNet,3,19,30,125
418,Bas,Port 2,GRB,ArtNet,3,22,28,125
419,Bas,Port 2,GRB,ArtNet,3,25,27,125
420,Bas,Port 2,GRB,ArtNet,3,28,25,125
421,Bas,Port 2,GRB,ArtNet,3,31,25,124
422,Bas,Port 2,GRB,ArtNet,3,34,25,122
423,Bas,Port 2,GRB,ArtNet,3,37,25,121
424,Bas,Port 2,GRB,ArtNet,3,40,25,119
425,Bas,Port 2,GRB,ArtNet,3,43,25,117
426,Bas,Port 2,GRB,ArtNet,3,46,25,116
427,Bas,Port 2,GRB,ArtNet,3,49,25,114
428,Bas,Port 2,GRB,ArtNet,3,52,25,112
429,Bas,Port 2,GRB,ArtNet,3,55,25,111
430,Bas,Port 2,GRB,ArtNet,3,58,25,109
431,Bas,Port 2,GRB,ArtNet,3,61,25,107
432,Bas,Port 2,GRB,ArtNet,3,64,25,106
433,Bas,Port 2,GRB,ArtNet,3,67,25,104
434,Bas,Port 2,GRB,ArtNet,3,70,25,102
435,Bas,Port 2,GRB,ArtNet,3,73,25,101
436,Bas,Port 2,GRB,ArtNet,3,76,25,99
437,Bas,Port 2,GRB,ArtNet,3,79,25,97
438,Bas,Port 2,GRB,ArtNet,3,82,25,95
439,Bas,Port 2,GRB,ArtNet,3,85,25,94
440,Bas,Port 2,GRB,ArtNet,3,88,25,92
441,Bas,Port 2,GRB,ArtNet,3,91,25,90
442,Bas,Port 2,GRB,ArtNet,3,94,25,89
443,Bas,Port 2,GRB,ArtNet,3,97,25,87
444,Bas,Port 2,GRB,ArtNet,3,100,25,85
445,Bas,Port 2,GRB,ArtNet,3,103,25,84
446,Bas,Port 2,GRB,ArtNet,3,106,25,82
447,Bas,Port 2,GRB,ArtNet,3,109,25,80
448,Bas,Port 2,GRB,ArtNet,3,112,25,79
449,Bas,Port 2,GRB,ArtNet,3,115,25,77
450,Bas,Port 2,GRB,ArtNet,3,118,25,75
451,Bas,Port 2,GRB,ArtNet,3,121,25,74
452,Bas,Port 2,GRB,ArtNet,3,124,25,72
453,Bas,Port 2,GRB,ArtNet,3,127,25,70
454,Bas,Port 2,GRB,ArtNet,3,130,25,69
455,Bas,Port 2,GRB,ArtNet,3,133,25,67
456,Bas,Port 2,GRB,ArtNet,3,136,25,65
457,Bas,Port 2,GRB,ArtNet,3,139,25,64
458,Bas,Port 2,GRB,ArtNet,3,142,25,62
459,Bas,Port 2,GRB,ArtNet,3,145,25,60
460,Bas,Port 2,GRB,ArtNet,3,148,25,59
461,Bas,Port 2,GRB,ArtNet,3,151,25,57
462,Bas,Port 2,GRB,ArtNet,3,154,25,55
463,Bas,Port 2,GRB,ArtNet,3,157,25,54
464,Bas,Port 2,GRB,ArtNet,3,160,25,52
465,Bas,Port 2,GRB,ArtNet,3,163,25,50
466,Bas,Port 2,GRB,ArtNet,3,166,25,48
467,Bas,Port 2,GRB,ArtNet,3,169,25,47
468,Bas,Port 2,GRB,ArtNet,3,172,25,45
469,Bas,Port 2,GRB,ArtNet,3,175,25,43
470,Bas,Port 2,GRB,ArtNet,3,178,25,42
471,Bas,Port 2,GRB,ArtNet,3,181,25,40
472,Bas,Port 2,GRB,ArtNet,3,184,25,38
473,Bas,Port 2,GRB,ArtNet,3,187,25,37
474,Bas,Port 2,GRB,ArtNet,3,190,25,35
475,Bas,Port 2,GRB,ArtNet,3,193,25,33
476,Bas,Port 2,GRB,ArtNet,3,196,25,32
477,Bas,Port 2,GRB,ArtNet,3,199,25,30
478,Bas,Port 2,GRB,ArtNet,3,202,25,28
479,Bas,Port 2,GRB,ArtNet,3,205,25,27
480,Bas,Port 2,GRB,ArtNet,3,208,25,25
481,Haut,Port 3,GRB,ArtNet,4,1,200,0
482,Haut,Port 3,GRB,ArtNet,4,4,203,0
483,Haut,Port 3,GRB,ArtNet,4,7,205,0
484,Haut,Port 3,GRB,ArtNet,4,10,208,0
485,Haut,Port 3,GRB,ArtNet,4,13,210,0
486,Haut,Port 3,GRB,ArtNet,4,16,213,0
487,Haut,Port 3,GRB,ArtNet,4,19,215,0
488,Haut,Port 3,GRB,ArtNet,4,22,218,0
489,Haut,Port 3,GRB,ArtNet,4,25,220,0
490,Haut,Port 3,GRB,ArtNet,4,28,223,0
491,Haut,Port 3,GRB,ArtNet,4,31,225,0
492,Haut,Port 3,GRB,ArtNet,4,34,228,0
493,Haut,Port 3,GRB,ArtNet,4,37,230,0
494,Haut,Port 3,GRB,ArtNet,4,40,233,0
495,Haut,Port 3,GRB,ArtNet,4,43,235,0
496,Haut,Port 3,GRB,ArtNet,4,46,238,0
497,Haut,Port 3,GRB,ArtNet,4,49,240,0
498,Haut,Port 3,GRB,ArtNet,4,52,243,0
499,Haut,Port 3,GRB,ArtNet,4,55,245,0
500,Haut,Port 3,GRB,ArtNet,4,58,248,0
501,Haut,Port 3,GRB,ArtNet,4,61,251,0
502,Haut,Port 3,GRB,ArtNet,4,64,253,0
503,Haut,Port 3,GRB,ArtNet,4,67,256,0
504,Haut,Port 3,GRB,ArtNet,4,70,258,0
505,Haut,Port 3,GRB,ArtNet,4,73,261,0
506,Haut,Port 3,GRB,ArtNet,4,76,263,0
507,Haut,Port 3,GRB,ArtNet,4,79,266,0
508,Haut,Port 3,GRB,ArtNet,4,82,268,0
509,Haut,Port 3,GRB,ArtNet,4,85,271,0
510,Haut,Port 3,GRB,ArtNet,4,88,273,0
511,Haut,Port 3,GRB,ArtNet,4,91,276,0
512,Haut,Port 3,GRB,ArtNet,4,94,278,0
513,Haut,Port 3,GRB,ArtNet,4,97,281,0
514,Haut,Port 3,GRB,ArtNet,4,100,283,0
515,Haut,Port 3,GRB,ArtNet,4,103,286,0
516,Haut,Port 3,GRB,ArtNet,4,106,288,0
517,Haut,Port 3,GRB,ArtNet,4,109,291,0
518,Haut,Port 3,GRB,ArtNet,4,112,293,0
519,Haut,Port 3,GRB,ArtNet,4,115,296,0
520,Haut,Port 3,GRB,ArtNet,4,118,298,0
521,Haut,Port 3,GRB,ArtNet,4,121,301,0
522,Haut,Port 3,GRB,ArtNet,4,124,304,0
523,Haut,Port 3,GRB,ArtNet,4,127,306,0
524,Haut,Port 3,GRB,ArtNet,4,130,309,0
525,Haut,Port 3,GRB,ArtNet,4,133,311,0
526,Haut,Port 3,GRB,ArtNet,4,136,314,0
527,Haut,Port 3,GRB,ArtNet,4,139,316,0
528,Haut,Port 3,GRB,ArtNet,4,142,319,0
529,Haut,Port 3,GRB,ArtNet,4,145,321,0
530,Haut,Port 3,GRB,ArtNet,4,148,324,0
531,Haut,Port 3,GRB,ArtNet,4,151,326,0
532,Haut,Port 3,GRB,ArtNet,4,154,329,0
533,Haut,Port 3,GRB,ArtNet,4,157,331,0
534,Haut,Port 3,GRB,ArtNet,4,160,334,0
535,Haut,Port 3,GRB,ArtNet,4,163,336,0
536,Haut,Port 3,GRB,ArtNet,4,166,339,0
537,Haut,Port 3,GRB,ArtNet,4,169,341,0
538,Haut,Port 3,GRB,ArtNet,4,172,344,0
539,Haut,Port 3,GRB,ArtNet,4,175,346,0
540,Haut,Port 3,GRB,ArtNet,4,178,349,0
541,Haut,Port 3,GRB,ArtNet,4,181,348,0
542,Haut,Port 3,GRB,ArtNet,4,184,348,3
543,Haut,Port 3,GRB,ArtNet,4,187,348,5
544,Haut,Port 3,GRB,ArtNet,4,190,348,8
545,Haut,Port 3,GRB,ArtNet,4,193,348,10
546,Haut,Port 3,GRB,ArtNet,4,196,348,13
547,Haut,Port 3,GRB,ArtNet,4,199,348,15
548,Haut,Port 3,GRB,ArtNet,4,202,348,18
549,Haut,Port 3,GRB,ArtNet,4,205,348,20
550,Haut,Port 3,GRB,ArtNet,4,208,348,23
551,Haut,Port 3,GRB,ArtNet,4,211,348,25
552,Haut,Port 3,GRB,ArtNet,4,214,348,28
553,Haut,Port 3,GRB,ArtNet,4,217,348,30
554,Haut,Port 3,GRB,ArtNet,4,220,348,33
555,Haut,Port 3,GRB,ArtNet,4,223,348,35
556,Haut,Port 3,GRB,ArtNet,4,226,348,38
557,Haut,Port 3,GRB,ArtNet,4,229,348,40
558,Haut,Port 3,GRB,ArtNet,4,232,348,43
559,Haut,Port 3,GRB,ArtNet,4,235,348,45
560,Haut,Port 3,GRB,ArtNet,4,238,348,48
561,Haut,Port 3,GRB,ArtNet,4,241,348,51
562,Haut,Port 3,GRB,ArtNet,4,244,348,53
563,Haut,Port 3,GRB,ArtNet,4,247,348,56
564,Haut,Port 3,GRB,ArtNet,4,250,348,58
565,Haut,Port 3,GRB,ArtNet,4,253,348,61
566,Haut,Port 3,GRB,ArtNet,4,256,348,63
567,Haut,Port 3,GRB,ArtNet,4,259,348,66
568,Haut,Port 3,GRB,ArtNet,4,262,348,68
569,Haut,Port 3,GRB,ArtNet,4,265,348,71
570,Haut,Port 3,GRB,ArtNet,4,268,348,73
571,Haut,Port 3,GRB,ArtNet,4,271,348,76
572,Haut,Port 3,GRB,ArtNet,4,274,348,78
573,Haut,Port 3,GRB,ArtNet,4,277,348,81
574,Haut,Port 3,GRB,ArtNet,4,280,348,83
575,Haut,Port 3,GRB,ArtNet,4,283,348,86
576,Haut,Port 3,GRB,ArtNet,4,286,348,88
577,Haut,Port 3,GRB,ArtNet,4,289,348,91
578,Haut,Port 3,GRB,ArtNet,4,292,348,93
579,Haut,Port 3,GRB,ArtNet,4,295,348,96
580,Haut,Port 3,GRB,ArtNet,4,298,348,98
581,Haut,Port 3,GRB,ArtNet,4,301,348,101
582,Haut,Port 3,GRB,ArtNet,4,304,348,104
583,Haut,Port 3,GRB,ArtNet,4,307,348,106
584,Haut,Port 3,GRB,ArtNet,4,310,348,109
585,Haut,Port 3,GRB,ArtNet,4,313,348,111
586,Haut,Port 3,GRB,ArtNet,4,316,348,114
587,Haut,Port 3,GRB,ArtNet,4,319,348,116
588,Haut,Port 3,GRB,ArtNet,4,322,348,119
589,Haut,Port 3,GRB,ArtNet,4,325,348,121
590,Haut,Port 3,GRB,ArtNet,4,328,348,124
591,Haut,Port 3,GRB,ArtNet,4,331,348,126
592,Haut,Port 3,GRB,ArtNet,4,334,348,129
593,Haut,Port 3,GRB,ArtNet,4,337,348,131
594,Haut,Port 3,GRB,ArtNet,4,340,348,134
595,Haut,Port 3,GRB,ArtNet,4,343,348,136
596,Haut,Port 3,GRB,ArtNet,4,346,348,139
597,Haut,Port 3,GRB,ArtNet,4,349,348,141
598,Haut,Port 3,GRB,ArtNet,4,352,348,144
599,Haut,Port 3,GRB,ArtNet,4,355,348,146
600,Haut,Port 3,GRB,ArtNet,4,358,348,149
601,Haut,Port 3,GRB,ArtNet,4,361,349,150
602,Haut,Port 3,GRB,ArtNet,4,364,346,150
603,Haut,Port 3,GRB,ArtNet,4,367,344,150
604,Haut,Port 3,GRB,ArtNet,4,370,341,150
605,Haut,Port 3,GRB,ArtNet,4,373,339,150
606,Haut,Port 3,GRB,ArtNet,4,376,336,150
607,Haut,Port 3,GRB,ArtNet,4,379,334,150
608,Haut,Port 3,GRB,ArtNet,4,382,331,150
609,Haut,Port 3,GRB,ArtNet,4,385,329,150
610,Haut,Port 3,GRB,ArtNet,4,388,326,150
611,Haut,Port 3,GRB,ArtNet,4,391,324,150
612,Haut,Port 3,GRB,ArtNet,4,394,321,150
613,Haut,Port 3,GRB,ArtNet,4,397,319,150
614,Haut,Port 3,GRB,ArtNet,4,400,316,150
615,Haut,Port 3,GRB,ArtNet,4,403,314,150
616,Haut,Port 3,GRB,ArtNet,4,406,311,150
617,Haut,Port 3,GRB,ArtNet,4,409,309,150
618,Haut,Port 3,GRB,ArtNet,4,412,306,150
619,Haut,Port 3,GRB,ArtNet,4,415,304,150
620,Haut,Port 3,GRB,ArtNet,4,418,301,150
621,Haut,Port 3,GRB,ArtNet,4,421,298,150
622,Haut,Port 3,GRB,ArtNet,4,424,296,150
623,Haut,Port 3,GRB,ArtNet,4,427,293,150
624,Haut,Port 3,GRB,ArtNet,4,430,291,150
625,Haut,Port 3,GRB,ArtNet,4,433,288,150
626,Haut,Port 3,GRB,ArtNet,4,436,286,150
627,Haut,Port 3,GRB,ArtNet,4,439,283,150
628,Haut,Port 3,GRB,ArtNet,4,442,281,150
629,Haut,Port 3,GRB,ArtNet,4,445,278,150
630,Haut,Port 3,GRB,ArtNet,4,448,276,150
631,Haut,Port 3,GRB,ArtNet,4,451,273,150
632,Haut,Port 3,GRB,ArtNet,4,454,271,150
633,Haut,Port 3,GRB,ArtNet,4,457,268,150
634,Haut,Port 3,GRB,ArtNet,4,460,266,150
635,Haut,Port 3,GRB,ArtNet,4,463,263,150
636,Haut,Port 3,GRB,ArtNet,4,466,261,150
637,Haut,Port 3,GRB,ArtNet,4,469,258,150
638,Haut,Port 3,GRB,ArtNet,4,472,256,150
639,Haut,Port 3,GRB,ArtNet,4,475,253,150
640,Haut,Port 3,GRB,ArtNet,4,478,251,150
641,Haut,Port 3,GRB,ArtNet,4,481,248,150
642,Haut,Port 3,GRB,ArtNet,4,484,245,150
643,Haut,Port 3,GRB,ArtNet,4,487,243,150
644,Haut,Port 3,GRB,ArtNet,4,490,240,150
645,Haut,Port 3,GRB,ArtNet,4,493,238,150
646,Haut,Port 3,GRB,ArtNet,4,496,235,150
647,Haut,Port 3,GRB,ArtNet,4,499,233,150
648,Haut,Port 3,GRB,ArtNet,4,502,230,150
649,Haut,Port 3,GRB,ArtNet,4,505,228,150
650,Haut,Port 3,GRB,ArtNet,4,508,225,150
651,Haut,Port 3,GRB,ArtNet,5,1,223,150
652,Haut,Port 3,GRB,ArtNet,5,4,220,150
653,Haut,Port 3,GRB,ArtNet,5,7,218,150
654,Haut,Port 3,GRB,ArtNet,5,10,215,150
655,Haut,Port 3,GRB,ArtNet,5,13,213,150
656,Haut,Port 3,GRB,ArtNet,5,16,210,150
657,Haut,Port 3,GRB,ArtNet,5,19,208,150
658,Haut,Port 3,GRB,ArtNet,5,22,205,150
659,Haut,Port 3,GRB,ArtNet,5,25,203,150
660,Haut,Port 3,GRB,ArtNet,5,28,200,150
661,Haut,Port 3,GRB,ArtNet,5,31,200,149
662,Haut,Port 3,GRB,ArtNet,5,34,200,146
663,Haut,Port 3,GRB,ArtNet,5,37,200,144
664,Haut,Port 3,GRB,ArtNet,5,40,200,141
665,Haut,Port 3,GRB,ArtNet,5,43,200,139
666,Haut,Port 3,GRB,ArtNet,5,46,200,136
667,Haut,Port 3,GRB,ArtNet,5,49,200,134
668,Haut,Port 3,GRB,ArtNet,5,52,200,131
669,Haut,Port 3,GRB,ArtNet,5,55,200,129
670,Haut,Port 3,GRB,ArtNet,5,58,200,126
671,Haut,Port 3,GRB,ArtNet,5,61,200,124
672,Haut,Port 3,GRB,ArtNet,5,64,200,121
673,Haut,Port 3,GRB,ArtNet,5,67,200,119
674,Haut,Port 3,GRB,ArtNet,5,70,200,116
675,Haut,Port 3,GRB,ArtNet,5,73,200,114
676,Haut,Port 3,GRB,ArtNet,5,76,200,111
677,Haut,Port 3,GRB,ArtNet,5,79,200,108
678,Haut,Port 3,GRB,ArtNet,5,82,200,106
679,Haut,Port 3,GRB,ArtNet,5,85,200,103
680,Haut,Port 3,GRB,ArtNet,5,88,200,101
681,Haut,Port 3,GRB,ArtNet,5,91,200,98
682,Haut,Port 3,GRB,ArtNet,5,94,200,96
683,Haut,Port 3,GRB,ArtNet,5,97,200,93
684,Haut,Port 3,GRB,ArtNet,5,100,200,91
685,Haut,Port 3,GRB,ArtNet,5,103,200,88
686,Haut,Port 3,GRB,ArtNet,5,106,200,86
687,Haut,Port 3,GRB,ArtNet,5,109,200,83
688,Haut,Port 3,GRB,ArtNet,5,112,200,81
689,Haut,Port 3,GRB,ArtNet,5,115,200,78
690,Haut,Port 3,GRB,ArtNet,5,118,200,76
691,Haut,Port 3,GRB,ArtNet,5,121,200,73
692,Haut,Port 3,GRB,ArtNet,5,124,200,71
693,Haut,Port 3,GRB,ArtNet,5,127,200,68
694,Haut,Port 3,GRB,ArtNet,5,130,200,66
695,Haut,Port 3,GRB,ArtNet,5,133,200,63
696,Haut,Port 3,GRB,ArtNet,5,136,200,61
697,Haut,Port 3,GRB,ArtNet,5,139,200,58
698,Haut,Port 3,GRB,ArtNet,5,142,200,55
699,Haut,Port 3,GRB,ArtNet,5,145,200,53
700,Haut,Port 3,GRB,ArtNet,5,148,200,50
701,Haut,Port 3,GRB,ArtNet,5,151,200,48
702,Haut,Port 3,GRB,ArtNet,5,154,200,45
703,Haut,Port 3,GRB,ArtNet,5,157,200,43
704,Haut,Port 3,GRB,ArtNet,5,160,200,40
705,Haut,Port 3,GRB,ArtNet,5,163,200,38
706,Haut,Port 3,GRB,ArtNet,5,166,200,35
707,Haut,Port 3,GRB,ArtNet,5,169,200,33
708,Haut,Port 3,GRB,ArtNet,5,172,200,30
709,Haut,Port 3,GRB,ArtNet,5,175,200,28
710,Haut,Port 3,GRB,ArtNet,5,178,200,25
711,Haut,Port 3,GRB,ArtNet,5,181,200,23
712,Haut,Port 3,GRB,ArtNet,5,184,200,20
713,Haut,Port 3,GRB,ArtNet,5,187,200,18
714,Haut,Port 3,GRB,ArtNet,5,190,200,15
715,Haut,Port 3,GRB,ArtNet,5,193,200,13
716,Haut,Port 3,GRB,ArtNet,5,196,200,10
717,Haut,Port 3,GRB,ArtNet,5,199,200,7
718,Haut,Port 3,GRB,ArtNet,5,202,200,5
719,Haut,Port 3,GRB,ArtNet,5,205,200,2
720,Haut,Port 3,GRB,ArtNet,5,208,200,0
721,Bas,Port 4,GRB,ArtNet,6,1,225,25
722,Bas,Port 4,GRB,ArtNet,6,4,227,25
723,Bas,Port 4,GRB,ArtNet,6,7,228,25
724,Bas,Port 4,GRB,ArtNet,6,10,230,25
725,Bas,Port 4,GRB,ArtNet,6,13,232,25
726,Bas,Port 4,GRB,ArtNet,6,16,233,25
727,Bas,Port 4,GRB,ArtNet,6,19,235,25
728,Bas,Port 4,GRB,ArtNet,6,22,237,25
729,Bas,Port 4,GRB,ArtNet,6,25,238,25
730,Bas,Port 4,GRB,ArtNet,6,28,240,25
731,Bas,Port 4,GRB,ArtNet,6,31,242,25
732,Bas,Port 4,GRB,ArtNet,6,34,243,25
733,Bas,Port 4,GRB,ArtNet,6,37,245,25
734,Bas,Port 4,GRB,ArtNet,6,40,247,25
735,Bas,Port 4,GRB,ArtNet,6,43,248,25
736,Bas,Port 4,GRB,ArtNet,6,46,250,25
737,Bas,Port 4,GRB,ArtNet,6,49,252,25
738,Bas,Port 4,GRB,ArtNet,6,52,254,25
739,Bas,Port 4,GRB,ArtNet,6,55,255,25
740,Bas,Port 4,GRB,ArtNet,6,58,257,25
741,Bas,Port 4,GRB,ArtNet,6,61,259,25
742,Bas,Port 4,GRB,ArtNet,6,64,260,25
743,Bas,Port 4,GRB,ArtNet,6,67,262,25
744,Bas,Port 4,GRB,ArtNet,6,70,264,25
745,Bas,Port 4,GRB,ArtNet,6,73,265,25
746,Bas,Port 4,GRB,ArtNet,6,76,267,25
747,Bas,Port 4,GRB,ArtNet,6,79,269,25
748,Bas,Port 4,GRB,ArtNet,6,82,270,25
749,Bas,Port 4,GRB,ArtNet,6,85,272,25
750,Bas,Port 4,GRB,ArtNet,6,88,274,25
751,Bas,Port 4,GRB,ArtNet,6,91,275,25
752,Bas,Port 4,GRB,ArtNet,6,94,277,25
753,Bas,Port 4,GRB,ArtNet,6,97,279,25
754,Bas,Port 4,GRB,ArtNet,6,100,280,25
755,Bas,Port 4,GRB,ArtNet,6,103,282,25
756,Bas,Port 4,GRB,ArtNet,6,106,284,25
757,Bas,Port 4,GRB,ArtNet,6,109,285,25
758,Bas,Port 4,GRB,ArtNet,6,112,287,25
759,Bas,Port 4,GRB,ArtNet,6,115,289,25
760,Bas,Port 4,GRB,ArtNet,6,118,290,25
761,Bas,Port 4,GRB,ArtNet,6,121,292,25
762,Bas,Port 4,GRB,ArtNet,6,124,294,25
763,Bas,Port 4,GRB,ArtNet,6,127,295,25
764,Bas,Port 4,GRB,ArtNet,6,130,297,25
765,Bas,Port 4,GRB,ArtNet,6,133,299,25
766,Bas,Port 4,GRB,ArtNet,6,136,301,25
767,Bas,Port 4,GRB,ArtNet,6,139,302,25
768,Bas,Port 4,GRB,ArtNet,6,142,304,25
769,Bas,Port 4,GRB,ArtNet,6,145,306,25
770,Bas,Port 4,GRB,ArtNet,6,148,307,25
771,Bas,Port 4,GRB,ArtNet,6,151,309,25
772,Bas,Port 4,GRB,ArtNet,6,154,311,25
773,Bas,Port 4,GRB,ArtNet,6,157,312,25
774,Bas,Port 4,GRB,ArtNet,6,160,314,25
775,Bas,Port 4,GRB,ArtNet,6,163,316,25
776,Bas,Port 4,GRB,ArtNet,6,166,317,25
777,Bas,Port 4,GRB,ArtNet,6,169,319,25
778,Bas,Port 4,GRB,ArtNet,6,172,321,25
779,Bas,Port 4,GRB,ArtNet,6,175,322,25
780,Bas,Port 4,GRB,ArtNet,6,178,324,25
781,Bas,Port 4,GRB,ArtNet,6,181,325,25
782,Bas,Port 4,GRB,ArtNet,6,184,325,27
783,Bas,Port 4,GRB,ArtNet,6,187,325,28
784,Bas,Port 4,GRB,ArtNet,6,190,325,30
785,Bas,Port 4,GRB,ArtNet,6,193,325,32
786,Bas,Port 4,GRB,ArtNet,6,196,325,33
787,Bas,Port 4,GRB,ArtNet,6,199,325,35
788,Bas,Port 4,GRB,ArtNet,6,202,325,37
789,Bas,Port 4,GRB,ArtNet,6,205,325,38
790,Bas,Port 4,GRB,ArtNet,6,208,325,40
791,Bas,Port 4,GRB,ArtNet,6,211,325,42
792,Bas,Port 4,GRB,ArtNet,6,214,325,43
793,Bas,Port 4,GRB,ArtNet,6,217,325,45
794,Bas,Port 4,GRB,ArtNet,6,220,325,47
795,Bas,Port 4,GRB,ArtNet,6,223,325,48
796,Bas,Port 4,GRB,ArtNet,6,226,325,50
797,Bas,Port 4,GRB,ArtNet,6,229,325,52
798,Bas,Port 4,GRB,ArtNet,6,232,325,54
799,Bas,Port 4,GRB,ArtNet,6,235,325,55
800,Bas,Port 4,GRB,ArtNet,6,238,325,57
801,Bas,Port 4,GRB,ArtNet,6,241,325,59
802,Bas,Port 4,GRB,ArtNet,6,244,325,60
803,Bas,Port 4,GRB,ArtNet,6,247,325,62
804,Bas,Port 4,GRB,ArtNet,6,250,325,64
805,Bas,Port 4,GRB,ArtNet,6,253,325,65
806,Bas,Port 4,GRB,ArtNet,6,256,325,67
807,Bas,Port 4,GRB,ArtNet,6,259,325,69
808,Bas,Port 4,GRB,ArtNet,6,262,325,70
809,Bas,Port 4,GRB,ArtNet,6,265,325,72
810,Bas,Port 4,GRB,ArtNet,6,268,325,74
811,Bas,Port 4,GRB,ArtNet,6,271,325,75
812,Bas,Port 4,GRB,ArtNet,6,274,325,77
813,Bas,Port 4,GRB,ArtNet,6,277,325,79
814,Bas,Port 4,GRB,ArtNet,6,280,325,80
815,Bas,Port 4,GRB,ArtNet,6,283,325,82
816,Bas,Port 4,GRB,ArtNet,6,286,325,84
817,Bas,Port 4,GRB,ArtNet,6,289,325,85
818,Bas,Port 4,GRB,ArtNet,6,292,325,87
819,Bas,Port 4,GRB,ArtNet,6,295,325,89
820,Bas,Port 4,GRB,ArtNet,6,298,325,90
821,Bas,Port 4,GRB,ArtNet,6,301,325,92
822,Bas,Port 4,GRB,ArtNet,6,304,325,94
823,Bas,Port 4,GRB,ArtNet,6,307,325,95
824,Bas,Port 4,GRB,ArtNet,6,310,325,97
825,Bas,Port 4,GRB,ArtNet,6,313,325,99
826,Bas,Port 4,GRB,ArtNet,6,316,325,101
827,Bas,Port 4,GRB,ArtNet,6,319,325,102
828,Bas,Port 4,GRB,ArtNet,6,322,325,104
829,Bas,Port 4,GRB,ArtNet,6,325,325,106
830,Bas,Port 4,GRB,ArtNet,6,328,325,107
831,Bas,Port 4,GRB,ArtNet,6,331,325,109
832,Bas,Port 4,GRB,ArtNet,6,334,325,111
833,Bas,Port 4,GRB,ArtNet,6,337,325,112
834,Bas,Port 4,GRB,ArtNet,6,340,325,114
835,Bas,Port 4,GRB,ArtNet,6,343,325,116
836,Bas,Port 4,GRB,ArtNet,6,346,325,117
837,Bas,Port 4,GRB,ArtNet,6,349,325,119
838,Bas,Port 4,GRB,ArtNet,6,352,325,121
839,Bas,Port 4,GRB,ArtNet,6,355,325,122
840,Bas,Port 4,GRB,ArtNet,6,358,325,124
841,Bas,Port 4,GRB,ArtNet,6,361,324,125
842,Bas,Port 4,GRB,ArtNet,6,364,322,125
843,Bas,Port 4,GRB,ArtNet,6,367,321,125
844,Bas,Port 4,GRB,ArtNet,6,370,319,125
845,Bas,Port 4,GRB,ArtNet,6,373,317,125
846,Bas,Port 4,GRB,ArtNet,6,376,316,125
847,Bas,Port 4,GRB,ArtNet,6,379,314,125
848,Bas,Port 4,GRB,ArtNet,6,382,312,125
849,Bas,Port 4,GRB,ArtNet,6,385,311,125
850,Bas,Port 4,GRB,ArtNet,6,388,309,125
851,Bas,Port 4,GRB,ArtNet,6,391,307,125
852,Bas,Port 4,GRB,ArtNet,6,394,306,125
853,Bas,Port 4,GRB,ArtNet,6,397,304,125
854,Bas,Port 4,GRB,ArtNet,6,400,302,125
855,Bas,Port 4,GRB,ArtNet,6,403,301,125
856,Bas,Port 4,GRB,ArtNet,6,406,299,125
857,Bas,Port 4,GRB,ArtNet,6,409,297,125
858,Bas,Port 4,GRB,ArtNet,6,412,295,125
859,Bas,Port 4,GRB,ArtNet,6,415,294,125
860,Bas,Port 4,GRB,ArtNet,6,418,292,125
861,Bas,Port 4,GRB,ArtNet,6,421,290,125
862,Bas,Port 4,GRB,ArtNet,6,424,289,125
863,Bas,Port 4,GRB,ArtNet,6,427,287,125
864,Bas,Port 4,GRB,ArtNet,6,430,285,125
865,Bas,Port 4,GRB,ArtNet,6,433,284,125
866,Bas,Port 4,GRB,ArtNet,6,436,282,125
867,Bas,Port 4,GRB,ArtNet,6,439,280,125
868,Bas,Port 4,GRB,ArtNet,6,442,279,125
869,Bas,Port 4,GRB,ArtNet,6,445,277,125
870,Bas,Port 4,GRB,ArtNet,6,448,275,125
871,Bas,Port 4,GRB,ArtNet,6,451,274,125
872,Bas,Port 4,GRB,ArtNet,6,454,272,125
873,Bas,Port 4,GRB,ArtNet,6,457,270,125
874,Bas,Port 4,GRB,ArtNet,6,460,269,125
875,Bas,Port 4,GRB,ArtNet,6,463,267,125
876,Bas,Port 4,GRB,ArtNet,6,466,265,125
877,Bas,Port 4,GRB,ArtNet,6,469,264,125
878,Bas,Port 4,GRB,ArtNet,6,472,262,125
879,Bas,Port 4,GRB,ArtNet,6,475,260,125
880,Bas,Port 4,GRB,ArtNet,6,478,259,125
881,Bas,Port 4,GRB,ArtNet,6,481,257,125
882,Bas,Port 4,GRB,ArtNet,6,484,255,125
883,Bas,Port 4,GRB,ArtNet,6,487,254,125
884,Bas,Port 4,GRB,ArtNet,6,490,252,125
885,Bas,Port 4,GRB,ArtNet,6,493,250,125
886,Bas,Port 4,GRB,ArtNet,6,496,248,125
887,Bas,Port 4,GRB,ArtNet,6,499,247,125
888,Bas,Port 4,GRB,ArtNet,6,502,245,125
889,Bas,Port 4,GRB,ArtNet,6,505,243,125
890,Bas,Port 4,GRB,ArtNet,6,508,242,125
891,Bas,Port 4,GRB,ArtNet,7,1,240,125
892,Bas,Port 4,GRB,ArtNet,7,4,238,125
893,Bas,Port 4,GRB,ArtNet,7,7,237,125
894,Bas,Port 4,GRB,ArtNet,7,10,235,125
895,Bas,Port 4,GRB,ArtNet,7,13,233,125
896,Bas,Port 4,GRB,ArtNet,7,16,232,125
897,Bas,Port 4,GRB,ArtNet,7,19,230,125
898,Bas,Port 4,GRB,ArtNet,7,22,228,125
899,Bas,Port 4,GRB,ArtNet,7,25,227,125
900,Bas,Port 4,GRB,ArtNet,7,28,225,125
901,Bas,Port 4,GRB,ArtNet,7,31,225,124
902,Bas,Port 4,GRB,ArtNet,7,34,225,122
903,Bas,Port 4,GRB,ArtNet,7,37,225,121
904,Bas,Port 4,GRB,ArtNet,7,40,225,119
905,Bas,Port 4,GRB,ArtNet,7,43,225,117
906,Bas,Port 4,GRB,ArtNet,7,46,225,116
907,Bas,Port 4,GRB,ArtNet,7,49,225,114
908,Bas,Port 4,GRB,ArtNet,7,52,225,112
909,Bas,Port 4,GRB,ArtNet,7,55,225,111
910,Bas,Port 4,GRB,ArtNet,7,58,225,109
911,Bas,Port 4,GRB,ArtNet,7,61,225,107
912,Bas,Port 4,GRB,ArtNet,7,64,225,106
913,Bas,Port 4,GRB,ArtNet,7,67,225,104
914,Bas,Port 4,GRB,ArtNet,7,70,225,102
915,Bas,Port 4,GRB,ArtNet,7,73,225,101
916,Bas,Port 4,GRB,ArtNet,7,76,225,99
917,Bas,Port 4,GRB,ArtNet,7,79,225,97
918,Bas,Port 4,GRB,ArtNet,7,82,225,95
919,Bas,Port 4,GRB,ArtNet,7,85,225,94
920,Bas,Port 4,GRB,ArtNet,7,88,225,92
921,Bas,Port 4,GRB,ArtNet,7,91,225,90
922,Bas,Port 4,GRB,ArtNet,7,94,225,89
923,Bas,Port 4,GRB,ArtNet,7,97,225,87
924,Bas,Port 4,GRB,ArtNet,7,100,225,85
925,Bas,Port 4,GRB,ArtNet,7,103,225,84
926,Bas,Port 4,GRB,ArtNet,7,106,225,82
927,Bas,Port 4,GRB,ArtNet,7,109,225,80
928,Bas,Port 4,GRB,ArtNet,7,112,225,79
929,Bas,Port 4,GRB,ArtNet,7,115,225,77
930,Bas,Port 4,GRB,ArtNet,7,118,225,75
931,Bas,Port 4,GRB,ArtNet,7,121,225,74
932,Bas,Port 4,GRB,ArtNet,7,124,225,72
933,Bas,Port 4,GRB,ArtNet,7,127,225,70
934,Bas,Port 4,GRB,ArtNet,7,130,225,69
935,Bas,Port 4,GRB,ArtNet,7,133,225,67
936,Bas,Port 4,GRB,ArtNet,7,136,225,65
937,Bas,Port 4,GRB,ArtNet,7,139,225,64
938,Bas,Port 4,GRB,ArtNet,7,142,225,62
939,Bas,Port 4,GRB,ArtNet,7,145,225,60
940,Bas,Port 4,GRB,ArtNet,7,148,225,59
941,Bas,Port 4,GRB,ArtNet,7,151,225,57
942,Bas,Port 4,GRB,ArtNet,7,154,225,55
943,Bas,Port 4,GRB,ArtNet,7,157,225,54
944,Bas,Port 4,GRB,ArtNet,7,160,225,52
945,Bas,Port 4,GRB,ArtNet,7,163,225,50
946,Bas,Port 4,GRB,ArtNet,7,166,225,48
947,Bas,Port 4,GRB,ArtNet,7,169,225,47
948,Bas,Port 4,GRB,ArtNet,7,172,225,45
949,Bas,Port 4,GRB,ArtNet,7,175,225,43
950,Bas,Port 4,GRB,ArtNet,7,178,225,42
951,Bas,Port 4,GRB,ArtNet,7,181,225,40
952,Bas,Port 4,GRB,ArtNet,7,184,225,38
953,Bas,Port 4,GRB,ArtNet,7,187,225,37
954,Bas,Port 4,GRB,ArtNet,7,190,225,35
955,Bas,Port 4,GRB,ArtNet,7,193,225,33
956,Bas,Port 4,GRB,ArtNet,7,196,225,32
957,Bas,Port 4,GRB,ArtNet,7,199,225,30
958,Bas,Port 4,GRB,ArtNet,7,202,225,28
959,Bas,Port 4,GRB,ArtNet,7,205,225,27
960,Bas,Port 4,GRB,ArtNet,7,208,225,25
961,Haut,Port 5,GRB,ArtNet,8,1,0,200
962,Haut,Port 5,GRB,ArtNet,8,4,3,200
963,Haut,Port 5,GRB,ArtNet,8,7,5,200
964,Haut,Port 5,GRB,ArtNet,8,10,8,200
965,Haut,Port 5,GRB,ArtNet,8,13,10,200
966,Haut,Port 5,GRB,ArtNet,8,16,13,200
967,Haut,Port 5,GRB,ArtNet,8,19,15,200
968,Haut,Port 5,GRB,ArtNet,8,22,18,200
969,Haut,Port 5,GRB,ArtNet,8,25,20,200
970,Haut,Port 5,GRB,ArtNet,8,28,23,200
971,Haut,Port 5,GRB,ArtNet,8,31,25,200
972,Haut,Port 5,GRB,ArtNet,8,34,28,200
973,Haut,Port 5,GRB,ArtNet,8,37,30,200
974,Haut,Port 5,GRB,ArtNet,8,40,33,200
975,Haut,Port 5,GRB,ArtNet,8,43,35,200
976,Haut,Port 5,GRB,ArtNet,8,46,38,200
977,Haut,Port 5,GRB,ArtNet,8,49,40,200
978,Haut,Port 5,GRB,ArtNet,8,52,43,200
979,Haut,Port 5,GRB,ArtNet,8,55,45,200
980,Haut,Port 5,GRB,ArtNet,8,58,48,200
981,Haut,Port 5,GRB,ArtNet,8,61,51,200
982,Haut,Port 5,GRB,ArtNet,8,64,53,200
983,Haut,Port 5,GRB,ArtNet,8,67,56,200
984,Haut,Port 5,GRB,ArtNet,8,70,58,200
985,Haut,Port 5,GRB,ArtNet,8,73,61,200
986,Haut,Port 5,GRB,ArtNet,8,76,63,200
987,Haut,Port 5,GRB,ArtNet,8,79,66,200
988,Haut,Port 5,GRB,ArtNet,8,82,68,200
989,Haut,Port 5,GRB,ArtNet,8,85,71,200
990,Haut,Port 5,GRB,ArtNet,8,88,73,200
991,Haut,Port 5,GRB,ArtNet,8,91,76,200
992,Haut,Port 5,GRB,ArtNet,8,94,78,200
993,Haut,Port 5,GRB,ArtNet,8,97,81,200
994,Haut,Port 5,GRB,ArtNet,8,100,83,200
995,Haut,Port 5,GRB,ArtNet,8,103,86,200
996,Haut,Port 5,GRB,ArtNet,8,106,88,200
997,Haut,Port 5,GRB,ArtNet,8,109,91,200
998,Haut,Port 5,GRB,ArtNet,8,112,93,200
999,Haut,Port 5,GRB,ArtNet,8,115,96,200
1000,Haut,Port 5,GRB,ArtNet,8,118,98,200
1001,Haut,Port 5,GRB,ArtNet,8,121,101,200
1002,Haut,Port 5,GRB,ArtNet,8,124,104,200
1003,Haut,Port 5,GRB,ArtNet,8,127,106,200
1004,Haut,Port 5,GRB,ArtNet,8,130,109,200
1005,Haut,Port 5,GRB,ArtNet,8,133,111,200
1006,Haut,Port 5,GRB,ArtNet,8,136,114,200
1007,Haut,Port 5,GRB,ArtNet,8,139,116,200
1008,Haut,Port 5,GRB,ArtNet,8,142,119,200
1009,Haut,Port 5,GRB,ArtNet,8,145,121,200
1010,Haut,Port 5,GRB,ArtNet,8,148,124,200
1011,Haut,Port 5,GRB,ArtNet,8,151,126,200
1012,Haut,Port 5,GRB,ArtNet,8,154,129,200
1013,Haut,Port 5,GRB,ArtNet,8,157,131,200
1014,Haut,Port 5,GRB,ArtNet,8,160,134,200
1015,Haut,Port 5,GRB,ArtNet,8,163,136,200
1016,Haut,Port 5,GRB,ArtNet,8,166,139,200
1017,Haut,Port 5,GRB,ArtNet,8,169,141,200
1018,Haut,Port 5,GRB,ArtNet,8,172,144,200
1019,Haut,Port 5,GRB,ArtNet,8,175,146,200
1020,Haut,Port 5,GRB,ArtNet,8,178,149,200
1021,Haut,Port 5,GRB,ArtNet,8,181,150,200
1022,Haut,Port 5,GRB,ArtNet,8,184,150,203
1023,Haut,Port 5,GRB,ArtNet,8,187,150,205
1024,Haut,Port 5,GRB,ArtNet,8,190,150,208
1025,Haut,Port 5,GRB,ArtNet,8,193,150,210
1026,Haut,Port 5,GRB,ArtNet,8,196,150,213
1027,Haut,Port 5,GRB,ArtNet,8,199,150,215
1028,Haut,Port 5,GRB,ArtNet,8,202,150,218
1029,Haut,Port 5,GRB,ArtNet,8,205,150,220
1030,Haut,Port 5,GRB,ArtNet,8,208,150,223
1031,Haut,Port 5,GRB,ArtNet,8,211,150,225
1032,Haut,Port 5,GRB,ArtNet,8,214,150,228
1033,Haut,Port 5,GRB,ArtNet,8,217,150,230
1034,Haut,Port 5,GRB,ArtNet,8,220,150,233
1035,Haut,Port 5,GRB,ArtNet,8,223,150,235
1036,Haut,Port 5,GRB,ArtNet,8,226,150,238
1037,Haut,Port 5,GRB,ArtNet,8,229,150,240
1038,Haut,Port 5,GRB,ArtNet,8,232,150,243
1039,Haut,Port 5,GRB,ArtNet,8,235,150,245
1040,Haut,Port 5,GRB,ArtNet,8,238,150,248
1041,Haut,Port 5,GRB,ArtNet,8,241,150,251
1042,Haut,Port 5,GRB,ArtNet,8,244,150,253
1043,Haut,Port 5,GRB,ArtNet,8,247,150,256
1044,Haut,Port 5,GRB,ArtNet,8,250,150,258
1045,Haut,Port 5,GRB,ArtNet,8,253,150,261
1046,Haut,Port 5,GRB,ArtNet,8,256,150,263
1047,Haut,Port 5,GRB,ArtNet,8,259,150,266
1048,Haut,Port 5,GRB,ArtNet,8,262,150,268
1049,Haut,Port 5,GRB,ArtNet,8,265,150,271
1050,Haut,Port 5,GRB,ArtNet,8,268,150,273
1051,Haut,Port 5,GRB,ArtNet,8,271,150,276
1052,Haut,Port 5,GRB,ArtNet,8,274,150,278
1053,Haut,Port 5,GRB,ArtNet,8,277,150,281
1054,Haut,Port 5,GRB,ArtNet,8,280,150,283
1055,Haut,Port 5,GRB,ArtNet,8,283,150,286
1056,Haut,Port 5,GRB,ArtNet,8,286,150,288
1057,Haut,Port 5,GRB,ArtNet,8,289,150,291
1058,Haut,Port 5,GRB,ArtNet,8,292,150,293
1059,Haut,Port 5,GRB,ArtNet,8,295,150,296
1060,Haut,Port 5,GRB,ArtNet,8,298,150,298
1061,Haut,Port 5,GRB,ArtNet,8,301,150,301
1062,Haut,Port 5,GRB,ArtNet,8,304,150,304
1063,Haut,Port 5,GRB,ArtNet,8,307,150,306
1064,Haut,Port 5,GRB,ArtNet,8,310,150,309
1065,Haut,Port 5,GRB,ArtNet,8,313,150,311
1066,Haut,Port 5,GRB,ArtNet,8,316,150,314
1067,Haut,Port 5,GRB,ArtNet,8,319,150,316
1068,Haut,Port 5,GRB,ArtNet,8,322,150,319
1069,Haut,Port 5,GRB,ArtNet,8,325,150,321
1070,Haut,Port 5,GRB,ArtNet,8,328,150,324
1071,Haut,Port 5,GRB,ArtNet,8,331,150,326
1072,Haut,Port 5,GRB,ArtNet,8,334,150,329
1073,Haut,Port 5,GRB,ArtNet,8,337,150,331
1074,Haut,Port 5,GRB,ArtNet,8,340,150,334
1075,Haut,Port 5,GRB,ArtNet,8,343,150,336
1076,Haut,Port 5,GRB,ArtNet,8,346,150,339
1077,Haut,Port 5,GRB,ArtNet,8,349,150,341
1078,Haut,Port 5,GRB,ArtNet,8,352,150,344
1079,Haut,Port 5,GRB,ArtNet,8,355,150,346
1080,Haut,Port 5,GRB,ArtNet,8,358,150,349
1081,Haut,Port 5,GRB,ArtNet,8,361,149,349
1082,Haut,Port 5,GRB,ArtNet,8,364,146,349
1083,Haut,Port 5,GRB,ArtNet,8,367,144,349
1084,Haut,Port 5,GRB,ArtNet,8,370,141,349
1085,Haut,Port 5,GRB,ArtNet,8,373,139,349
1086,Haut,Port 5,GRB,ArtNet,8,376,136,349
1087,Haut,Port 5,GRB,ArtNet,8,379,134,349
1088,Haut,Port 5,GRB,ArtNet,8,382,131,349
1089,Haut,Port 5,GRB,ArtNet,8,385,129,349
1090,Haut,Port 5,GRB,ArtNet,8,388,126,349
1091,Haut,Port 5,GRB,ArtNet,8,391,124,349
1092,Haut,Port 5,GRB,ArtNet,8,394,121,349
1093,Haut,Port 5,GRB,ArtNet,8,397,119,349
1094,Haut,Port 5,GRB,ArtNet,8,400,116,349
1095,Haut,Port 5,GRB,ArtNet,8,403,114,349
1096,Haut,Port 5,GRB,ArtNet,8,406,111,349
1097,Haut,Port 5,GRB,ArtNet,8,409,109,349
1098,Haut,Port 5,GRB,ArtNet,8,412,106,349
1099,Haut,Port 5,GRB,ArtNet,8,415,104,349
1100,Haut,Port 5,GRB,ArtNet,8,418,101,349
1101,Haut,Port 5,GRB,ArtNet,8,421,98,349
1102,Haut,Port 5,GRB,ArtNet,8,424,96,349
1103,Haut,Port 5,GRB,ArtNet,8,427,93,349
1104,Haut,Port 5,GRB,ArtNet,8,430,91,349
1105,Haut,Port 5,GRB,ArtNet,8,433,88,349
1106,Haut,Port 5,GRB,ArtNet,8,436,86,349
1107,Haut,Port 5,GRB,ArtNet,8,439,83,349
1108,Haut,Port 5,GRB,ArtNet,8,442,81,349
1109,Haut,Port 5,GRB,ArtNet,8,445,78,349
1110,Haut,Port 5,GRB,ArtNet,8,448,76,349
1111,Haut,Port 5,GRB,ArtNet,8,451,73,349
1112,Haut,Port 5,GRB,ArtNet,8,454,71,349
1113,Haut,Port 5,GRB,ArtNet,8,457,68,349
1114,Haut,Port 5,GRB,ArtNet,8,460,66,349
1115,Haut,Port 5,GRB,ArtNet,8,463,63,349
1116,Haut,Port 5,GRB,ArtNet,8,466,61,349
1117,Haut,Port 5,GRB,ArtNet,8,469,58,349
1118,Haut,Port 5,GRB,ArtNet,8,472,56,349
1119,Haut,Port 5,GRB,ArtNet,8,475,53,349
1120,Haut,Port 5,GRB,ArtNet,8,478,51,349
1121,Haut,Port 5,GRB,ArtNet,8,481,48,349
1122,Haut,Port 5,GRB,ArtNet,8,484,45,349
1123,Haut,Port 5,GRB,ArtNet,8,487,43,349
1124,Haut,Port 5,GRB,ArtNet,8,490,40,349
1125,Haut,Port 5,GRB,ArtNet,8,493,38,349
1126,Haut,Port 5,GRB,ArtNet,8,496,35,349
1127,Haut,Port 5,GRB,ArtNet,8,499,33,349
1128,Haut,Port 5,GRB,ArtNet,8,502,30,349
1129,Haut,Port 5,GRB,ArtNet,8,505,28,349
1130,Haut,Port 5,GRB,ArtNet,8,508,25,349
1131,Haut,Port 5,GRB,ArtNet,9,1,23,349
1132,Haut,Port 5,GRB,ArtNet,9,4,20,349
1133,Haut,Port 5,GRB,ArtNet,9,7,18,349
1134,Haut,Port 5,GRB,ArtNet,9,10,15,349
1135,Haut,Port 5,GRB,ArtNet,9,13,13,349
1136,Haut,Port 5,GRB,ArtNet,9,16,10,349
1137,Haut,Port 5,GRB,ArtNet,9,19,8,349
1138,Haut,Port 5,GRB,ArtNet,9,22,5,349
1139,Haut,Port 5,GRB,ArtNet,9,25,3,349
1140,Haut,Port 5,GRB,ArtNet,9,28,0,349
1141,Haut,Port 5,GRB,ArtNet,9,31,0,349
1142,Haut,Port 5,GRB,ArtNet,9,34,0,346
1143,Haut,Port 5,GRB,ArtNet,9,37,0,344
1144,Haut,Port 5,GRB,ArtNet,9,40,0,341
1145,Haut,Port 5,GRB,ArtNet,9,43,0,339
1146,Haut,Port 5,GRB,ArtNet,9,46,0,336
1147,Haut,Port 5,GRB,ArtNet,9,49,0,334
1148,Haut,Port 5,GRB,ArtNet,9,52,0,331
1149,Haut,Port 5,GRB,ArtNet,9,55,0,329
1150,Haut,Port 5,GRB,ArtNet,9,58,0,326
1151,Haut,Port 5,GRB,ArtNet,9,61,0,324
1152,Haut,Port 5,GRB,ArtNet,9,64,0,321
1153,Haut,Port 5,GRB,ArtNet,9,67,0,319
1154,Haut,Port 5,GRB,ArtNet,9,70,0,316
1155,Haut,Port 5,GRB,ArtNet,9,73,0,314
1156,Haut,Port 5,GRB,ArtNet,9,76,0,311
1157,Haut,Port 5,GRB,ArtNet,9,79,0,309
1158,Haut,Port 5,GRB,ArtNet,9,82,0,306
1159,Haut,Port 5,GRB,ArtNet,9,85,0,304
1160,Haut,Port 5,GRB,ArtNet,9,88,0,301
1161,Haut,Port 5,GRB,ArtNet,9,91,0,298
1162,Haut,Port 5,GRB,ArtNet,9,94,0,296
1163,Haut,Port 5,GRB,ArtNet,9,97,0,293
1164,Haut,Port 5,GRB,ArtNet,9,100,0,291
1165,Haut,Port 5,GRB,ArtNet,9,103,0,288
1166,Haut,Port 5,GRB,ArtNet,9,106,0,286
1167,Haut,Port 5,GRB,ArtNet,9,109,0,283
1168,Haut,Port 5,GRB,ArtNet,9,112,0,281
1169,Haut,Port 5,GRB,ArtNet,9,115,0,278
1170,Haut,Port 5,GRB,ArtNet,9,118,0,276
1171,Haut,Port 5,GRB,ArtNet,9,121,0,273
1172,Haut,Port 5,GRB,ArtNet,9,124,0,271
1173,Haut,Port 5,GRB,ArtNet,9,127,0,268
1174,Haut,Port 5,GRB,ArtNet,9,130,0,266
1175,Haut,Port 5,GRB,ArtNet,9,133,0,263
1176,Haut,Port 5,GRB,ArtNet,9,136,0,261
1177,Haut,Port 5,GRB,ArtNet,9,139,0,258
1178,Haut,Port 5,GRB,ArtNet,9,142,0,256
1179,Haut,Port 5,GRB,ArtNet,9,145,0,253
1180,Haut,Port 5,GRB,ArtNet,9,148,0,251
1181,Haut,Port 5,GRB,ArtNet,9,151,0,248
1182,Haut,Port 5,GRB,ArtNet,9,154,0,245
1183,Haut,Port 5,GRB,ArtNet,9,157,0,243
1184,Haut,Port 5,GRB,ArtNet,9,160,0,240
1185,Haut,Port 5,GRB,ArtNet,9,163,0,238
1186,Haut,Port 5,GRB,ArtNet,9,166,0,235
1187,Haut,Port 5,GRB,ArtNet,9,169,0,233
1188,Haut,Port 5,GRB,ArtNet,9,172,0,230
1189,Haut,Port 5,GRB,ArtNet,9,175,0,228
1190,Haut,Port 5,GRB,ArtNet,9,178,0,225
1191,Haut,Port 5,GRB,ArtNet,9,181,0,223
1192,Haut,Port 5,GRB,ArtNet,9,184,0,220
1193,Haut,Port 5,GRB,ArtNet,9,187,0,218
1194,Haut,Port 5,GRB,ArtNet,9,190,0,215
1195,Haut,Port 5,GRB,ArtNet,9,193,0,213
1196,Haut,Port 5,GRB,ArtNet,9,196,0,210
1197,Haut,Port 5,GRB,ArtNet,9,199,0,208
1198,Haut,Port 5,GRB,ArtNet,9,202,0,205
1199,Haut,Port 5,GRB,ArtNet,9,205,0,203
1200,Haut,Port 5,GRB,ArtNet,9,208,0,200
1201,Bas,Port 6,GRB,ArtNet,10,1,25,225
1202,Bas,Port 6,GRB,ArtNet,10,4,27,225
1203,Bas,Port 6,GRB,ArtNet,10,7,28,225
1204,Bas,Port 6,GRB,ArtNet,10,10,30,225
1205,Bas,Port 6,GRB,ArtNet,10,13,32,225
1206,Bas,Port 6,GRB,ArtNet,10,16,33,225
1207,Bas,Port 6,GRB,ArtNet,10,19,35,225
1208,Bas,Port 6,GRB,ArtNet,10,22,37,225
1209,Bas,Port 6,GRB,ArtNet,10,25,38,225
1210,Bas,Port 6,GRB,ArtNet,10,28,40,225
1211,Bas,Port 6,GRB,ArtNet,10,31,42,225
1212,Bas,Port 6,GRB,ArtNet,10,34,43,225
1213,Bas,Port 6,GRB,ArtNet,10,37,45,225
1214,Bas,Port 6,GRB,ArtNet,10,40,47,225
1215,Bas,Port 6,GRB,ArtNet,10,43,48,225
1216,Bas,Port 6,GRB,ArtNet,10,46,50,225
1217,Bas,Port 6,GRB,ArtNet,10,49,52,225
1218,Bas,Port 6,GRB,ArtNet,10,52,54,225
1219,Bas,Port 6,GRB,ArtNet,10,55,55,225
1220,Bas,Port 6,GRB,ArtNet,10,58,57,225
1221,Bas,Port 6,GRB,ArtNet,10,61,59,225
1222,Bas,Port 6,GRB,ArtNet,10,64,60,225
1223,Bas,Port 6,GRB,ArtNet,10,67,62,225
1224,Bas,Port 6,GRB,ArtNet,10,70,64,225
1225,Bas,Port 6,GRB,ArtNet,10,73,65,225
1226,Bas,Port 6,GRB,ArtNet,10,76,67,225
1227,Bas,Port 6,GRB,ArtNet,10,79,69,225
1228,Bas,Port 6,GRB,ArtNet,10,82,70,225
1229,Bas,Port 6,GRB,ArtNet,10,85,72,225
1230,Bas,Port 6,GRB,ArtNet,10,88,74,225
1231,Bas,Port 6,GRB,ArtNet,10,91,75,225
1232,Bas,Port 6,GRB,ArtNet,10,94,77,225
1233,Bas,Port 6,GRB,ArtNet,10,97,79,225
1234,Bas,Port 6,GRB,ArtNet,10,100,80,225
1235,Bas,Port 6,GRB,ArtNet,10,103,82,225
1236,Bas,Port 6,GRB,ArtNet,10,106,84,225
1237,Bas,Port 6,GRB,ArtNet,10,109,85,225
1238,Bas,Port 6,GRB,ArtNet,10,112,87,225
1239,Bas,Port 6,GRB,ArtNet,10,115,89,225
1240,Bas,Port 6,GRB,ArtNet,10,118,90,225
1241,Bas,Port 6,GRB,ArtNet,10,121,92,225
1242,Bas,Port 6,GRB,ArtNet,10,124,94,225
1243,Bas,Port 6,GRB,ArtNet,10,127,95,225
1244,Bas,Port 6,GRB,ArtNet,10,130,97,225
1245,Bas,Port 6,GRB,ArtNet,10,133,99,225
1246,Bas,Port 6,GRB,ArtNet,10,136,101,225
1247,Bas,Port 6,GRB,ArtNet,10,139,102,225
1248,Bas,Port 6,GRB,ArtNet,10,142,104,225
1249,Bas,Port 6,GRB,ArtNet,10,145,106,225
1250,Bas,Port 6,GRB,ArtNet,10,148,107,225
1251,Bas,Port 6,GRB,ArtNet,10,151,109,225
1252,Bas,Port 6,GRB,ArtNet,10,154,111,225
1253,Bas,Port 6,GRB,ArtNet,10,157,112,225
1254,Bas,Port 6,GRB,ArtNet,10,160,114,225
1255,Bas,Port 6,GRB,ArtNet,10,163,116,225
1256,Bas,Port 6,GRB,ArtNet,10,166,117,225
1257,Bas,Port 6,GRB,ArtNet,10,169,119,225
1258,Bas,Port 6,GRB,ArtNet,10,172,121,225
1259,Bas,Port 6,GRB,ArtNet,10,175,122,225
1260,Bas,Port 6,GRB,ArtNet,10,178,124,225
1261,Bas,Port 6,GRB,ArtNet,10,181,125,225
1262,Bas,Port 6,GRB,ArtNet,10,184,125,227
1263,Bas,Port 6,GRB,ArtNet,10,187,125,228
1264,Bas,Port 6,GRB,ArtNet,10,190,125,230
1265,Bas,Port 6,GRB,ArtNet,10,193,125,232
1266,Bas,Port 6,GRB,ArtNet,10,196,125,233
1267,Bas,Port 6,GRB,ArtNet,10,199,125,235
1268,Bas,Port 6,GRB,ArtNet,10,202,125,237
1269,Bas,Port 6,GRB,ArtNet,10,205,125,238
1270,Bas,Port 6,GRB,ArtNet,10,208,125,240
1271,Bas,Port 6,GRB,ArtNet,10,211,125,242
1272,Bas,Port 6,GRB,ArtNet,10,214,125,243
1273,Bas,Port 6,GRB,ArtNet,10,217,125,245
1274,Bas,Port 6,GRB,ArtNet,10,220,125,247
1275,Bas,Port 6,GRB,ArtNet,10,223,125,248
1276,Bas,Port 6,GRB,ArtNet,10,226,125,250
1277,Bas,Port 6,GRB,ArtNet,10,229,125,252
1278,Bas,Port 6,GRB,ArtNet,10,232,125,254
1279,Bas,Port 6,GRB,ArtNet,10,235,125,255
1280,Bas,Port 6,GRB,ArtNet,10,238,125,257
1281,Bas,Port 6,GRB,ArtNet,10,241,125,259
1282,Bas,Port 6,GRB,ArtNet,10,244,125,260
1283,Bas,Port 6,GRB,ArtNet,10,247,125,262
1284,Bas,Port 6,GRB,ArtNet,10,250,125,264
1285,Bas,Port 6,GRB,ArtNet,10,253,125,265
1286,Bas,Port 6,GRB,ArtNet,10,256,125,267
1287,Bas,Port 6,GRB,ArtNet,10,259,125,269
1288,Bas,Port 6,GRB,ArtNet,10,262,125,270
1289,Bas,Port 6,GRB,ArtNet,10,265,125,272
1290,Bas,Port 6,GRB,ArtNet,10,268,125,274
1291,Bas,Port 6,GRB,ArtNet,10,271,125,275
1292,Bas,Port 6,GRB,ArtNet,10,274,125,277
1293,Bas,Port 6,GRB,ArtNet,10,277,125,279
1294,Bas,Port 6,GRB,ArtNet,10,280,125,280
1295,Bas,Port 6,GRB,ArtNet,10,283,125,282
1296,Bas,Port 6,GRB,ArtNet,10,286,125,284
1297,Bas,Port 6,GRB,ArtNet,10,289,125,285
1298,Bas,Port 6,GRB,ArtNet,10,292,125,287
1299,Bas,Port 6,GRB,ArtNet,10,295,125,289
1300,Bas,Port 6,GRB,ArtNet,10,298,125,290
1301,Bas,Port 6,GRB,ArtNet,10,301,125,292
1302,Bas,Port 6,GRB,ArtNet,10,304,125,294
1303,Bas,Port 6,GRB,ArtNet,10,307,125,295
1304,Bas,Port 6,GRB,ArtNet,10,310,125,297
1305,Bas,Port 6,GRB,ArtNet,10,313,125,299
1306,Bas,Port 6,GRB,ArtNet,10,316,125,301
1307,Bas,Port 6,GRB,ArtNet,10,319,125,302
1308,Bas,Port 6,GRB,ArtNet,10,322,125,304
1309,Bas,Port 6,GRB,ArtNet,10,325,125,306
1310,Bas,Port 6,GRB,ArtNet,10,328,125,307
1311,Bas,Port 6,GRB,ArtNet,10,331,125,309
1312,Bas,Port 6,GRB,ArtNet,10,334,125,311
1313,Bas,Port 6,GRB,ArtNet,10,337,125,312
1314,Bas,Port 6,GRB,ArtNet,10,340,125,314
1315,Bas,Port 6,GRB,ArtNet,10,343,125,316
1316,Bas,Port 6,GRB,ArtNet,10,346,125,317
1317,Bas,Port 6,GRB,ArtNet,10,349,125,319
1318,Bas,Port 6,GRB,ArtNet,10,352,125,321
1319,Bas,Port 6,GRB,ArtNet,10,355,125,322
1320,Bas,Port 6,GRB,ArtNet,10,358,125,324
1321,Bas,Port 6,GRB,ArtNet,10,361,124,325
1322,Bas,Port 6,GRB,ArtNet,10,364,122,325
1323,Bas,Port 6,GRB,ArtNet,10,367,121,325
1324,Bas,Port 6,GRB,ArtNet,10,370,119,325
1325,Bas,Port 6,GRB,ArtNet,10,373,117,325
1326,Bas,Port 6,GRB,ArtNet,10,376,116,325
1327,Bas,Port 6,GRB,ArtNet,10,379,114,325
1328,Bas,Port 6,GRB,ArtNet,10,382,112,325
1329,Bas,Port 6,GRB,ArtNet,10,385,111,325
1330,Bas,Port 6,GRB,ArtNet,10,388,109,325
1331,Bas,Port 6,GRB,ArtNet,10,391,107,325
1332,Bas,Port 6,GRB,ArtNet,10,394,106,325
1333,Bas,Port 6,GRB,ArtNet,10,397,104,325
1334,Bas,Port 6,GRB,ArtNet,10,400,102,325
1335,Bas,Port 6,GRB,ArtNet,10,403,101,325
1336,Bas,Port 6,GRB,ArtNet,10,406,99,325
1337,Bas,Port 6,GRB,ArtNet,10,409,97,325
1338,Bas,Port 6,GRB,ArtNet,10,412,95,325
1339,Bas,Port 6,GRB,ArtNet,10,415,94,325
1340,Bas,Port 6,GRB,ArtNet,10,418,92,325
1341,Bas,Port 6,GRB,ArtNet,10,421,90,325
1342,Bas,Port 6,GRB,ArtNet,10,424,89,325
1343,Bas,Port 6,GRB,ArtNet,10,427,87,325
1344,Bas,Port 6,GRB,ArtNet,10,430,85,325
1345,Bas,Port 6,GRB,ArtNet,10,433,84,325
1346,Bas,Port 6,GRB,ArtNet,10,436,82,325
1347,Bas,Port 6,GRB,ArtNet,10,439,80,325
1348,Bas,Port 6,GRB,ArtNet,10,442,79,325
1349,Bas,Port 6,GRB,ArtNet,10,445,77,325
1350,Bas,Port 6,GRB,ArtNet,10,448,75,325
1351,Bas,Port 6,GRB,ArtNet,10,451,74,325
1352,Bas,Port 6,GRB,ArtNet,10,454,72,325
1353,Bas,Port 6,GRB,ArtNet,10,457,70,325
1354,Bas,Port 6,GRB,ArtNet,10,460,69,325
1355,Bas,Port 6,GRB,ArtNet,10,463,67,325
1356,Bas,Port 6,GRB,ArtNet,10,466,65,325
1357,Bas,Port 6,GRB,ArtNet,10,469,64,325
1358,Bas,Port 6,GRB,ArtNet,10,472,62,325
1359,Bas,Port 6,GRB,ArtNet,10,475,60,325
1360,Bas,Port 6,GRB,ArtNet,10,478,59,325
1361,Bas,Port 6,GRB,ArtNet,10,481,57,325
1362,Bas,Port 6,GRB,ArtNet,10,484,55,325
1363,Bas,Port 6,GRB,ArtNet,10,487,54,325
1364,Bas,Port 6,GRB,ArtNet,10,490,52,325
1365,Bas,Port 6,GRB,ArtNet,10,493,50,325
1366,Bas,Port 6,GRB,ArtNet,10,496,48,325
1367,Bas,Port 6,GRB,ArtNet,10,499,47,325
1368,Bas,Port 6,GRB,ArtNet,10,502,45,325
1369,Bas,Port 6,GRB,ArtNet,10,505,43,325
1370,Bas,Port 6,GRB,ArtNet,10,508,42,325
1371,Bas,Port 6,GRB,ArtNet,11,1,40,325
1372,Bas,Port 6,GRB,ArtNet,11,4,38,325
1373,Bas,Port 6,GRB,ArtNet,11,7,37,325
1374,Bas,Port 6,GRB,ArtNet,11,10,35,325
1375,Bas,Port 6,GRB,ArtNet,11,13,33,325
1376,Bas,Port 6,GRB,ArtNet,11,16,32,325
1377,Bas,Port 6,GRB,ArtNet,11,19,30,325
1378,Bas,Port 6,GRB,ArtNet,11,22,28,325
1379,Bas,Port 6,GRB,ArtNet,11,25,27,325
1380,Bas,Port 6,GRB,ArtNet,11,28,25,325
1381,Bas,Port 6,GRB,ArtNet,11,31,25,324
1382,Bas,Port 6,GRB,ArtNet,11,34,25,322
1383,Bas,Port 6,GRB,ArtNet,11,37,25,321
1384,Bas,Port 6,GRB,ArtNet,11,40,25,319
1385,Bas,Port 6,GRB,ArtNet,11,43,25,317
1386,Bas,Port 6,GRB,ArtNet,11,46,25,316
1387,Bas,Port 6,GRB,ArtNet,11,49,25,314
1388,Bas,Port 6,GRB,ArtNet,11,52,25,312
1389,Bas,Port 6,GRB,ArtNet,11,55,25,311
1390,Bas,Port 6,GRB,ArtNet,11,58,25,309
1391,Bas,Port 6,GRB,ArtNet,11,61,25,307
1392,Bas,Port 6,GRB,ArtNet,11,64,25,306
1393,Bas,Port 6,GRB,ArtNet,11,67,25,304
1394,Bas,Port 6,GRB,ArtNet,11,70,25,302
1395,Bas,Port 6,GRB,ArtNet,11,73,25,301
1396,Bas,Port 6,GRB,ArtNet,11,76,25,299
1397,Bas,Port 6,GRB,ArtNet,11,79,25,297
1398,Bas,Port 6,GRB,ArtNet,11,82,25,295
1399,Bas,Port 6,GRB,ArtNet,11,85,25,294
1400,Bas,Port 6,GRB,ArtNet,11,88,25,292
1401,Bas,Port 6,GRB,ArtNet,11,91,25,290
1402,Bas,Port 6,GRB,ArtNet,11,94,25,289
1403,Bas,Port 6,GRB,ArtNet,11,97,25,287
1404,Bas,Port 6,GRB,ArtNet,11,100,25,285
1405,Bas,Port 6,GRB,ArtNet,11,103,25,284
1406,Bas,Port 6,GRB,ArtNet,11,106,25,282
1407,Bas,Port 6,GRB,ArtNet,11,109,25,280
1408,Bas,Port 6,GRB,ArtNet,11,112,25,279
1409,Bas,Port 6,GRB,ArtNet,11,115,25,277
1410,Bas,Port 6,GRB,ArtNet,11,118,25,275
1411,Bas,Port 6,GRB,ArtNet,11,121,25,274
1412,Bas,Port 6,GRB,ArtNet,11,124,25,272
1413,Bas,Port 6,GRB,ArtNet,11,127,25,270
1414,Bas,Port 6,GRB,ArtNet,11,130,25,269
1415,Bas,Port 6,GRB,ArtNet,11,133,25,267
1416,Bas,Port 6,GRB,ArtNet,11,136,25,265
1417,Bas,Port 6,GRB,ArtNet,11,139,25,264
1418,Bas,Port 6,GRB,ArtNet,11,142,25,262
1419,Bas,Port 6,GRB,ArtNet,11,145,25,260
1420,Bas,Port 6,GRB,ArtNet,11,148,25,259
1421,Bas,Port 6,GRB,ArtNet,11,151,25,257
1422,Bas,Port 6,GRB,ArtNet,11,154,25,255
1423,Bas,Port 6,GRB,ArtNet,11,157,25,254
1424,Bas,Port 6,GRB,ArtNet,11,160,25,252
1425,Bas,Port 6,GRB,ArtNet,11,163,25,250
1426,Bas,Port 6,GRB,ArtNet,11,166,25,248
1427,Bas,Port 6,GRB,ArtNet,11,169,25,247
1428,Bas,Port 6,GRB,ArtNet,11,172,25,245
1429,Bas,Port 6,GRB,ArtNet,11,175,25,243
1430,Bas,Port 6,GRB,ArtNet,11,178,25,242
1431,Bas,Port 6,GRB,ArtNet,11,181,25,240
1432,Bas,Port 6,GRB,ArtNet,11,184,25,238
1433,Bas,Port 6,GRB,ArtNet,11,187,25,237
1434,Bas,Port 6,GRB,ArtNet,11,190,25,235
1435,Bas,Port 6,GRB,ArtNet,11,193,25,233
1436,Bas,Port 6,GRB,ArtNet,11,196,25,232
1437,Bas,Port 6,GRB,ArtNet,11,199,25,230
1438,Bas,Port 6,GRB,ArtNet,11,202,25,228
1439,Bas,Port 6,GRB,ArtNet,11,205,25,227
1440,Bas,Port 6,GRB,ArtNet,11,208,25,225
1441,Haut,Port 07,GRB,ArtNet,12,1,200,200
1442,Haut,Port 07,GRB,ArtNet,12,4,203,200
1443,Haut,Port 07,GRB,ArtNet,12,7,205,200
1444,Haut,Port 07,GRB,ArtNet,12,10,208,200
1445,Haut,Port 07,GRB,ArtNet,12,13,210,200
1446,Haut,Port 07,GRB,ArtNet,12,16,213,200
1447,Haut,Port 07,GRB,ArtNet,12,19,215,200
1448,Haut,Port 07,GRB,ArtNet,12,22,218,200
1449,Haut,Port 07,GRB,ArtNet,12,25,220,200
1450,Haut,Port 07,GRB,ArtNet,12,28,223,200
1451,Haut,Port 07,GRB,ArtNet,12,31,225,200
1452,Haut,Port 07,GRB,ArtNet,12,34,228,200
1453,Haut,Port 07,GRB,ArtNet,12,37,230,200
1454,Haut,Port 07,GRB,ArtNet,12,40,233,200
1455,Haut,Port 07,GRB,ArtNet,12,43,235,200
1456,Haut,Port 07,GRB,ArtNet,12,46,238,200
1457,Haut,Port 07,GRB,ArtNet,12,49,240,200
1458,Haut,Port 07,GRB,ArtNet,12,52,243,200
1459,Haut,Port 07,GRB,ArtNet,12,55,245,200
1460,Haut,Port 07,GRB,ArtNet,12,58,248,200
1461,Haut,Port 07,GRB,ArtNet,12,61,251,200
1462,Haut,Port 07,GRB,ArtNet,12,64,253,200
1463,Haut,Port 07,GRB,ArtNet,12,67,256,200
1464,Haut,Port 07,GRB,ArtNet,12,70,258,200
1465,Haut,Port 07,GRB,ArtNet,12,73,261,200
1466,Haut,Port 07,GRB,ArtNet,12,76,263,200
1467,Haut,Port 07,GRB,ArtNet,12,79,266,200
1468,Haut,Port 07,GRB,ArtNet,12,82,268,200
1469,Haut,Port 07,GRB,ArtNet,12,85,271,200
1470,Haut,Port 07,GRB,ArtNet,12,88,273,200
1471,Haut,Port 07,GRB,ArtNet,12,91,276,200
1472,Haut,Port 07,GRB,ArtNet,12,94,278,200
1473,Haut,Port 07,GRB,ArtNet,12,97,281,200
1474,Haut,Port 07,GRB,ArtNet,12,100,283,200
1475,Haut,Port 07,GRB,ArtNet,12,103,286,200
1476,Haut,Port 07,GRB,ArtNet,12,106,288,200
1477,Haut,Port 07,GRB,ArtNet,12,109,291,200
1478,Haut,Port 07,GRB,ArtNet,12,112,293,200
1479,Haut,Port 07,GRB,ArtNet,12,115,296,200
1480,Haut,Port 07,GRB,ArtNet,12,118,298,200
1481,Haut,Port 07,GRB,ArtNet,12,121,301,200
1482,Haut,Port 07,GRB,ArtNet,12,124,304,200
1483,Haut,Port 07,GRB,ArtNet,12,127,306,200
1484,Haut,Port 07,GRB,ArtNet,12,130,309,200
1485,Haut,Port 07,GRB,ArtNet,12,133,311,200
1486,Haut,Port 07,GRB,ArtNet,12,136,314,200
1487,Haut,Port 07,GRB,ArtNet,12,139,316,200
1488,Haut,Port 07,GRB,ArtNet,12,142,319,200
1489,Haut,Port 07,GRB,ArtNet,12,145,321,200
1490,Haut,Port 07,GRB,ArtNet,12,148,324,200
1491,Haut,Port 07,GRB,ArtNet,12,151,326,200
1492,Haut,Port 07,GRB,ArtNet,12,154,329,200
1493,Haut,Port 07,GRB,ArtNet,12,157,331,200
1494,Haut,Port 07,GRB,ArtNet,12,160,334,200
1495,Haut,Port 07,GRB,ArtNet,12,163,336,200
1496,Haut,Port 07,GRB,ArtNet,12,166,339,200
1497,Haut,Port 07,GRB,ArtNet,12,169,341,200
1498,Haut,Port 07,GRB,ArtNet,12,172,344,200
1499,Haut,Port 07,GRB,ArtNet,12,175,346,200
1500,Haut,Port 07,GRB,ArtNet,12,178,349,200
1501,Haut,Port 08,GRB,ArtNet,12,181,349,200
1502,Haut,Port 08,GRB,ArtNet,12,184,349,203
1503,Haut,Port 08,GRB,ArtNet,12,187,349,205
1504,Haut,Port 08,GRB,ArtNet,12,190,349,208
1505,Haut,Port 08,GRB,ArtNet,12,193,349,210
1506,Haut,Port 08,GRB,ArtNet,12,196,349,213
1507,Haut,Port 08,GRB,ArtNet,12,199,349,215
1508,Haut,Port 08,GRB,ArtNet,12,202,349,218
1509,Haut,Port 08,GRB,ArtNet,12,205,349,220
1510,Haut,Port 08,GRB,ArtNet,12,208,349,223
1511,Haut,Port 08,GRB,ArtNet,12,211,349,225
1512,Haut,Port 08,GRB,ArtNet,12,214,349,228
1513,Haut,Port 08,GRB,ArtNet,12,217,349,230
1514,Haut,Port 08,GRB,ArtNet,12,220,349,233
1515,Haut,Port 08,GRB,ArtNet,12,223,349,235
1516,Haut,Port 08,GRB,ArtNet,12,226,349,238
1517,Haut,Port 08,GRB,ArtNet,12,229,349,240
1518,Haut,Port 08,GRB,ArtNet,12,232,349,243
1519,Haut,Port 08,GRB,ArtNet,12,235,349,245
1520,Haut,Port 08,GRB,ArtNet,12,238,349,248
1521,Haut,Port 08,GRB,ArtNet,12,241,349,251
1522,Haut,Port 08,GRB,ArtNet,12,244,349,253
1523,Haut,Port 08,GRB,ArtNet,12,247,349,256
1524,Haut,Port 08,GRB,ArtNet,12,250,349,258
1525,Haut,Port 08,GRB,ArtNet,12,253,349,261
1526,Haut,Port 08,GRB,ArtNet,12,256,349,263
1527,Haut,Port 08,GRB,ArtNet,12,259,349,266
1528,Haut,Port 08,GRB,ArtNet,12,262,349,268
1529,Haut,Port 08,GRB,ArtNet,12,265,349,271
1530,Haut,Port 08,GRB,ArtNet,12,268,349,273
1531,Haut,Port 08,GRB,ArtNet,12,271,349,276
1532,Haut,Port 08,GRB,ArtNet,12,274,349,278
1533,Haut,Port 08,GRB,ArtNet,12,277,349,281
1534,Haut,Port 08,GRB,ArtNet,12,280,349,283
1535,Haut,Port 08,GRB,ArtNet,12,283,349,286
1536,Haut,Port 08,GRB,ArtNet,12,286,349,288
1537,Haut,Port 08,GRB,ArtNet,12,289,349,291
1538,Haut,Port 08,GRB,ArtNet,12,292,349,293
1539,Haut,Port 08,GRB,ArtNet,12,295,349,296
1540,Haut,Port 08,GRB,ArtNet,12,298,349,298
1541,Haut,Port 08,GRB,ArtNet,12,301,349,301
1542,Haut,Port 08,GRB,ArtNet,12,304,349,304
1543,Haut,Port 08,GRB,ArtNet,12,307,349,306
1544,Haut,Port 08,GRB,ArtNet,12,310,349,309
1545,Haut,Port 08,GRB,ArtNet,12,313,349,311
1546,Haut,Port 08,GRB,ArtNet,12,316,349,314
1547,Haut,Port 08,GRB,ArtNet,12,319,349,316
1548,Haut,Port 08,GRB,ArtNet,12,322,349,319
1549,Haut,Port 08,GRB,ArtNet,12,325,349,321
1550,Haut,Port 08,GRB,ArtNet,12,328,349,324
1551,Haut,Port 08,GRB,ArtNet,12,331,349,326
1552,Haut,Port 08,GRB,ArtNet,12,334,349,329
1553,Haut,Port 08,GRB,ArtNet,12,337,349,331
1554,Haut,Port 08,GRB,ArtNet,12,340,349,334
1555,Haut,Port 08,GRB,ArtNet,12,343,349,336
1556,Haut,Port 08,GRB,ArtNet,12,346,349,339
1557,Haut,Port 08,GRB,ArtNet,12,349,349,341
1558,Haut,Port 08,GRB,ArtNet,12,352,349,344
1559,Haut,Port 08,GRB,ArtNet,12,355,349,346
1560,Haut,Port 08,GRB,ArtNet,12,358,349,349
1561,Haut,Port 09,GRB,ArtNet,12,361,349,349
1562,Haut,Port 09,GRB,ArtNet,12,364,346,349
1563,Haut,Port 09,GRB,ArtNet,12,367,344,349
1564,Haut,Port 09,GRB,ArtNet,12,370,341,349
1565,Haut,Port 09,GRB,ArtNet,12,373,339,349
1566,Haut,Port 09,GRB,ArtNet,12,376,336,349
1567,Haut,Port 09,GRB,ArtNet,12,379,334,349
1568,Haut,Port 09,GRB,ArtNet,12,382,331,349
1569,Haut,Port 09,GRB,ArtNet,12,385,329,349
1570,Haut,Port 09,GRB,ArtNet,12,388,326,349
1571,Haut,Port 09,GRB,ArtNet,12,391,324,349
1572,Haut,Port 09,GRB,ArtNet,12,394,321,349
1573,Haut,Port 09,GRB,ArtNet,12,397,319,349
1574,Haut,Port 09,GRB,ArtNet,12,400,316,349
1575,Haut,Port 09,GRB,ArtNet,12,403,314,349
1576,Haut,Port 09,GRB,ArtNet,12,406,311,349
1577,Haut,Port 09,GRB,ArtNet,12,409,309,349
1578,Haut,Port 09,GRB,ArtNet,12,412,306,349
1579,Haut,Port 09,GRB,ArtNet,12,415,304,349
1580,Haut,Port 09,GRB,ArtNet,12,418,301,349
1581,Haut,Port 09,GRB,ArtNet,12,421,298,349
1582,Haut,Port 09,GRB,ArtNet,12,424,296,349
1583,Haut,Port 09,GRB,ArtNet,12,427,293,349
1584,Haut,Port 09,GRB,ArtNet,12,430,291,349
1585,Haut,Port 09,GRB,ArtNet,12,433,288,349
1586,Haut,Port 09,GRB,ArtNet,12,436,286,349
1587,Haut,Port 09,GRB,ArtNet,12,439,283,349
1588,Haut,Port 09,GRB,ArtNet,12,442,281,349
1589,Haut,Port 09,GRB,ArtNet,12,445,278,349
1590,Haut,Port 09,GRB,ArtNet,12,448,276,349
1591,Haut,Port 09,GRB,ArtNet,12,451,273,349
1592,Haut,Port 09,GRB,ArtNet,12,454,271,349
1593,Haut,Port 09,GRB,ArtNet,12,457,268,349
1594,Haut,Port 09,GRB,ArtNet,12,460,266,349
1595,Haut,Port 09,GRB,ArtNet,12,463,263,349
1596,Haut,Port 09,GRB,ArtNet,12,466,261,349
1597,Haut,Port 09,GRB,ArtNet,12,469,258,349
1598,Haut,Port 09,GRB,ArtNet,12,472,256,349
1599,Haut,Port 09,GRB,ArtNet,12,475,253,349
1600,Haut,Port 09,GRB,ArtNet,12,478,251,349
1601,Haut,Port 09,GRB,ArtNet,12,481,248,349
1602,Haut,Port 09,GRB,ArtNet,12,484,245,349
1603,Haut,Port 09,GRB,ArtNet,12,487,243,349
1604,Haut,Port 09,GRB,ArtNet,12,490,240,349
1605,Haut,Port 09,GRB,ArtNet,12,493,238,349
1606,Haut,Port 09,GRB,ArtNet,12,496,235,349
1607,Haut,Port 09,GRB,ArtNet,12,499,233,349
1608,Haut,Port 09,GRB,ArtNet,12,502,230,349
1609,Haut,Port 09,GRB,ArtNet,12,505,228,349
1610,Haut,Port 09,GRB,ArtNet,12,508,225,349
1611,Haut,Port 09,GRB,ArtNet,13,1,223,349
1612,Haut,Port 09,GRB,ArtNet,13,4,220,349
1613,Haut,Port 09,GRB,ArtNet,13,7,218,349
1614,Haut,Port 09,GRB,ArtNet,13,10,215,349
1615,Haut,Port 09,GRB,ArtNet,13,13,213,349
1616,Haut,Port 09,GRB,ArtNet,13,16,210,349
1617,Haut,Port 09,GRB,ArtNet,13,19,208,349
1618,Haut,Port 09,GRB,ArtNet,13,22,205,349
1619,Haut,Port 09,GRB,ArtNet,13,25,203,349
1620,Haut,Port 09,GRB,ArtNet,13,28,200,349
1621,Haut,Port 10,GRB,ArtNet,13,31,200,349
1622,Haut,Port 10,GRB,ArtNet,13,34,200,346
1623,Haut,Port 10,GRB,ArtNet,13,37,200,344
1624,Haut,Port 10,GRB,ArtNet,13,40,200,341
1625,Haut,Port 10,GRB,ArtNet,13,43,200,339
1626,Haut,Port 10,GRB,ArtNet,13,46,200,336
1627,Haut,Port 10,GRB,ArtNet,13,49,200,334
1628,Haut,Port 10,GRB,ArtNet,13,52,200,331
1629,Haut,Port 10,GRB,ArtNet,13,55,200,329
1630,Haut,Port 10,GRB,ArtNet,13,58,200,326
1631,Haut,Port 10,GRB,ArtNet,13,61,200,324
1632,Haut,Port 10,GRB,ArtNet,13,64,200,321
1633,Haut,Port 10,GRB,ArtNet,13,67,200,319
1634,Haut,Port 10,GRB,ArtNet,13,70,200,316
1635,Haut,Port 10,GRB,ArtNet,13,73,200,314
1636,Haut,Port 10,GRB,ArtNet,13,76,200,311
1637,Haut,Port 10,GRB,ArtNet,13,79,200,309
1638,Haut,Port 10,GRB,ArtNet,13,82,200,306
1639,Haut,Port 10,GRB,ArtNet,13,85,200,304
1640,Haut,Port 10,GRB,ArtNet,13,88,200,301
1641,Haut,Port 10,GRB,ArtNet,13,91,200,298
1642,Haut,Port 10,GRB,ArtNet,13,94,200,296
1643,Haut,Port 10,GRB,ArtNet,13,97,200,293
1644,Haut,Port 10,GRB,ArtNet,13,100,200,291
1645,Haut,Port 10,GRB,ArtNet,13,103,200,288
1646,Haut,Port 10,GRB,ArtNet,13,106,200,286
1647,Haut,Port 10,GRB,ArtNet,13,109,200,283
1648,Haut,Port 10,GRB,ArtNet,13,112,200,281
1649,Haut,Port 10,GRB,ArtNet,13,115,200,278
1650,Haut,Port 10,GRB,ArtNet,13,118,200,276
1651,Haut,Port 10,GRB,ArtNet,13,121,200,273
1652,Haut,Port 10,GRB,ArtNet,13,124,200,271
1653,Haut,Port 10,GRB,ArtNet,13,127,200,268
1654,Haut,Port 10,GRB,ArtNet,13,130,200,266
1655,Haut,Port 10,GRB,ArtNet,13,133,200,263
1656,Haut,Port 10,GRB,ArtNet,13,136,200,261
1657,Haut,Port 10,GRB,ArtNet,13,139,200,258
1658,Haut,Port 10,GRB,ArtNet,13,142,200,256
1659,Haut,Port 10,GRB,ArtNet,13,145,200,253
1660,Haut,Port 10,GRB,ArtNet,13,148,200,251
1661,Haut,Port 10,GRB,ArtNet,13,151,200,248
1662,Haut,Port 10,GRB,ArtNet,13,154,200,245
1663,Haut,Port 10,GRB,ArtNet,13,157,200,243
1664,Haut,Port 10,GRB,ArtNet,13,160,200,240
1665,Haut,Port 10,GRB,ArtNet,13,163,200,238
1666,Haut,Port 10,GRB,ArtNet,13,166,200,235
1667,Haut,Port 10,GRB,ArtNet,13,169,200,233
1668,Haut,Port 10,GRB,ArtNet,13,172,200,230
1669,Haut,Port 10,GRB,ArtNet,13,175,200,228
1670,Haut,Port 10,GRB,ArtNet,13,178,200,225
1671,Haut,Port 10,GRB,ArtNet,13,181,200,223
1672,Haut,Port 10,GRB,ArtNet,13,184,200,220
1673,Haut,Port 10,GRB,ArtNet,13,187,200,218
1674,Haut,Port 10,GRB,ArtNet,13,190,200,215
1675,Haut,Port 10,GRB,ArtNet,13,193,200,213
1676,Haut,Port 10,GRB,ArtNet,13,196,200,210
1677,Haut,Port 10,GRB,ArtNet,13,199,200,208
1678,Haut,Port 10,GRB,ArtNet,13,202,200,205
1679,Haut,Port 10,GRB,ArtNet,13,205,200,203
1680,Haut,Port 10,GRB,ArtNet,13,208,200,200
1681,Bas,Port 8,GRB,ArtNet,14,1,225,225
1682,Bas,Port 8,GRB,ArtNet,14,4,227,225
1683,Bas,Port 8,GRB,ArtNet,14,7,228,225
1684,Bas,Port 8,GRB,ArtNet,14,10,230,225
1685,Bas,Port 8,GRB,ArtNet,14,13,232,225
1686,Bas,Port 8,GRB,ArtNet,14,16,233,225
1687,Bas,Port 8,GRB,ArtNet,14,19,235,225
1688,Bas,Port 8,GRB,ArtNet,14,22,237,225
1689,Bas,Port 8,GRB,ArtNet,14,25,238,225
1690,Bas,Port 8,GRB,ArtNet,14,28,240,225
1691,Bas,Port 8,GRB,ArtNet,14,31,242,225
1692,Bas,Port 8,GRB,ArtNet,14,34,243,225
1693,Bas,Port 8,GRB,ArtNet,14,37,245,225
1694,Bas,Port 8,GRB,ArtNet,14,40,247,225
1695,Bas,Port 8,GRB,ArtNet,14,43,248,225
1696,Bas,Port 8,GRB,ArtNet,14,46,250,225
1697,Bas,Port 8,GRB,ArtNet,14,49,252,225
1698,Bas,Port 8,GRB,ArtNet,14,52,254,225
1699,Bas,Port 8,GRB,ArtNet,14,55,255,225
1700,Bas,Port 8,GRB,ArtNet,14,58,257,225
1701,Bas,Port 8,GRB,ArtNet,14,61,259,225
1702,Bas,Port 8,GRB,ArtNet,14,64,260,225
1703,Bas,Port 8,GRB,ArtNet,14,67,262,225
1704,Bas,Port 8,GRB,ArtNet,14,70,264,225
1705,Bas,Port 8,GRB,ArtNet,14,73,265,225
1706,Bas,Port 8,GRB,ArtNet,14,76,267,225
1707,Bas,Port 8,GRB,ArtNet,14,79,269,225
1708,Bas,Port 8,GRB,ArtNet,14,82,270,225
1709,Bas,Port 8,GRB,ArtNet,14,85,272,225
1710,Bas,Port 8,GRB,ArtNet,14,88,274,225
1711,Bas,Port 8,GRB,ArtNet,14,91,275,225
1712,Bas,Port 8,GRB,ArtNet,14,94,277,225
1713,Bas,Port 8,GRB,ArtNet,14,97,279,225
1714,Bas,Port 8,GRB,ArtNet,14,100,280,225
1715,Bas,Port 8,GRB,ArtNet,14,103,282,225
1716,Bas,Port 8,GRB,ArtNet,14,106,284,225
1717,Bas,Port 8,GRB,ArtNet,14,109,285,225
1718,Bas,Port 8,GRB,ArtNet,14,112,287,225
1719,Bas,Port 8,GRB,ArtNet,14,115,289,225
1720,Bas,Port 8,GRB,ArtNet,14,118,290,225
1721,Bas,Port 8,GRB,ArtNet,14,121,292,225
1722,Bas,Port 8,GRB,ArtNet,14,124,294,225
1723,Bas,Port 8,GRB,ArtNet,14,127,295,225
1724,Bas,Port 8,GRB,ArtNet,14,130,297,225
1725,Bas,Port 8,GRB,ArtNet,14,133,299,225
1726,Bas,Port 8,GRB,ArtNet,14,136,301,225
1727,Bas,Port 8,GRB,ArtNet,14,139,302,225
1728,Bas,Port 8,GRB,ArtNet,14,142,304,225
1729,Bas,Port 8,GRB,ArtNet,14,145,306,225
1730,Bas,Port 8,GRB,ArtNet,14,148,307,225
1731,Bas,Port 8,GRB,ArtNet,14,151,309,225
1732,Bas,Port 8,GRB,ArtNet,14,154,311,225
1733,Bas,Port 8,GRB,ArtNet,14,157,312,225
1734,Bas,Port 8,GRB,ArtNet,14,160,314,225
1735,Bas,Port 8,GRB,ArtNet,14,163,316,225
1736,Bas,Port 8,GRB,ArtNet,14,166,317,225
1737,Bas,Port 8,GRB,ArtNet,14,169,319,225
1738,Bas,Port 8,GRB,ArtNet,14,172,321,225
1739,Bas,Port 8,GRB,ArtNet,14,175,322,225
1740,Bas,Port 8,GRB,ArtNet,14,178,324,225
1741,Bas,Port 8,GRB,ArtNet,14,181,325,225
1742,Bas,Port 8,GRB,ArtNet,14,184,325,227
1743,Bas,Port 8,GRB,ArtNet,14,187,325,228
1744,Bas,Port 8,GRB,ArtNet,14,190,325,230
1745,Bas,Port 8,GRB,ArtNet,14,193,325,232
1746,Bas,Port 8,GRB,ArtNet,14,196,325,233
1747,Bas,Port 8,GRB,ArtNet,14,199,325,235
1748,Bas,Port 8,GRB,ArtNet,14,202,325,237
1749,Bas,Port 8,GRB,ArtNet,14,205,325,238
1750,Bas,Port 8,GRB,ArtNet,14,208,325,240
1751,Bas,Port 8,GRB,ArtNet,14,211,325,242
1752,Bas,Port 8,GRB,ArtNet,14,214,325,243
1753,Bas,Port 8,GRB,ArtNet,14,217,325,245
1754,Bas,Port 8,GRB,ArtNet,14,220,325,247
1755,Bas,Port 8,GRB,ArtNet,14,223,325,248
1756,Bas,Port 8,GRB,ArtNet,14,226,325,250
1757,Bas,Port 8,GRB,ArtNet,14,229,325,252
1758,Bas,Port 8,GRB,ArtNet,14,232,325,254
1759,Bas,Port 8,GRB,ArtNet,14,235,325,255
1760,Bas,Port 8,GRB,ArtNet,14,238,325,257
1761,Bas,Port 8,GRB,ArtNet,14,241,325,259
1762,Bas,Port 8,GRB,ArtNet,14,244,325,260
1763,Bas,Port 8,GRB,ArtNet,14,247,325,262
1764,Bas,Port 8,GRB,ArtNet,14,250,325,264
1765,Bas,Port 8,GRB,ArtNet,14,253,325,265
1766,Bas,Port 8,GRB,ArtNet,14,256,325,267
1767,Bas,Port 8,GRB,ArtNet,14,259,325,269
1768,Bas,Port 8,GRB,ArtNet,14,262,325,270
1769,Bas,Port 8,GRB,ArtNet,14,265,325,272
1770,Bas,Port 8,GRB,ArtNet,14,268,325,274
1771,Bas,Port 8,GRB,ArtNet,14,271,325,275
1772,Bas,Port 8,GRB,ArtNet,14,274,325,277
1773,Bas,Port 8,GRB,ArtNet,14,277,325,279
1774,Bas,Port 8,GRB,ArtNet,14,280,325,280
1775,Bas,Port 8,GRB,ArtNet,14,283,325,282
1776,Bas,Port 8,GRB,ArtNet,14,286,325,284
1777,Bas,Port 8,GRB,ArtNet,14,289,325,285
1778,Bas,Port 8,GRB,ArtNet,14,292,325,287
1779,Bas,Port 8,GRB,ArtNet,14,295,325,289
1780,Bas,Port 8,GRB,ArtNet,14,298,325,290
1781,Bas,Port 8,GRB,ArtNet,14,301,325,292
1782,Bas,Port 8,GRB,ArtNet,14,304,325,294
1783,Bas,Port 8,GRB,ArtNet,14,307,325,295
1784,Bas,Port 8,GRB,ArtNet,14,310,325,297
1785,Bas,Port 8,GRB,ArtNet,14,313,325,299
1786,Bas,Port 8,GRB,ArtNet,14,316,325,301
1787,Bas,Port 8,GRB,ArtNet,14,319,325,302
1788,Bas,Port 8,GRB,ArtNet,14,322,325,304
1789,Bas,Port 8,GRB,ArtNet,14,325,325,306
1790,Bas,Port 8,GRB,ArtNet,14,328,325,307
1791,Bas,Port 8,GRB,ArtNet,14,331,325,309
1792,Bas,Port 8,GRB,ArtNet,14,334,325,311
1793,Bas,Port 8,GRB,ArtNet,14,337,325,312
1794,Bas,Port 8,GRB,ArtNet,14,340,325,314
1795,Bas,Port 8,GRB,ArtNet,14,343,325,316
1796,Bas,Port 8,GRB,ArtNet,14,346,325,317
1797,Bas,Port 8,GRB,ArtNet,14,349,325,319
1798,Bas,Port 8,GRB,ArtNet,14,352,325,321
1799,Bas,Port 8,GRB,ArtNet,14,355,325,322
1800,Bas,Port 8,GRB,ArtNet,14,358,325,324
1801,Bas,Port 8,GRB,ArtNet,14,361,324,325
1802,Bas,Port 8,GRB,ArtNet,14,364,322,325
1803,Bas,Port 8,GRB,ArtNet,14,367,321,325
1804,Bas,Port 8,GRB,ArtNet,14,370,319,325
1805,Bas,Port 8,GRB,ArtNet,14,373,317,325
1806,Bas,Port 8,GRB,ArtNet,14,376,316,325
1807,Bas,Port 8,GRB,ArtNet,14,379,314,325
1808,Bas,Port 8,GRB,ArtNet,14,382,312,325
1809,Bas,Port 8,GRB,ArtNet,14,385,311,325
1810,Bas,Port 8,GRB,ArtNet,14,388,309,325
1811,Bas,Port 8,GRB,ArtNet,14,391,307,325
1812,Bas,Port 8,GRB,ArtNet,14,394,306,325
1813,Bas,Port 8,GRB,ArtNet,14,397,304,325
1814,Bas,Port 8,GRB,ArtNet,14,400,302,325
1815,Bas,Port 8,GRB,ArtNet,14,403,301,325
1816,Bas,Port 8,GRB,ArtNet,14,406,299,325
1817,Bas,Port 8,GRB,ArtNet,14,409,297,325
1818,Bas,Port 8,GRB,ArtNet,14,412,295,325
1819,Bas,Port 8,GRB,ArtNet,14,415,294,325
1820,Bas,Port 8,GRB,ArtNet,14,418,292,325
1821,Bas,Port 8,GRB,ArtNet,14,421,290,325
1822,Bas,Port 8,GRB,ArtNet,14,424,289,325
1823,Bas,Port 8,GRB,ArtNet,14,427,287,325
1824,Bas,Port 8,GRB,ArtNet,14,430,285,325
1825,Bas,Port 8,GRB,ArtNet,14,433,284,325
1826,Bas,Port 8,GRB,ArtNet,14,436,282,325
1827,Bas,Port 8,GRB,ArtNet,14,439,280,325
1828,Bas,Port 8,GRB,ArtNet,14,442,279,325
1829,Bas,Port 8,GRB,ArtNet,14,445,277,325
1830,Bas,Port 8,GRB,ArtNet,14,448,275,325
1831,Bas,Port 8,GRB,ArtNet,14,451,274,325
1832,Bas,Port 8,GRB,ArtNet,14,454,272,325
1833,Bas,Port 8,GRB,ArtNet,14,457,270,325
1834,Bas,Port 8,GRB,ArtNet,14,460,269,325
1835,Bas,Port 8,GRB,ArtNet,14,463,267,325
1836,Bas,Port 8,GRB,ArtNet,14,466,265,325
1837,Bas,Port 8,GRB,ArtNet,14,469,264,325
1838,Bas,Port 8,GRB,ArtNet,14,472,262,325
1839,Bas,Port 8,GRB,ArtNet,14,475,260,325
1840,Bas,Port 8,GRB,ArtNet,14,478,259,325
1841,Bas,Port 8,GRB,ArtNet,14,481,257,325
1842,Bas,Port 8,GRB,ArtNet,14,484,255,325
1843,Bas,Port 8,GRB,ArtNet,14,487,254,325
1844,Bas,Port 8,GRB,ArtNet,14,490,252,325
1845,Bas,Port 8,GRB,ArtNet,14,493,250,325
1846,Bas,Port 8,GRB,ArtNet,14,496,248,325
1847,Bas,Port 8,GRB,ArtNet,14,499,247,325
1848,Bas,Port 8,GRB,ArtNet,14,502,245,325
1849,Bas,Port 8,GRB,ArtNet,14,505,243,325
1850,Bas,Port 8,GRB,ArtNet,14,508,242,325
1851,Bas,Port 8,GRB,ArtNet,15,1,240,325
1852,Bas,Port 8,GRB,ArtNet,15,4,238,325
1853,Bas,Port 8,GRB,ArtNet,15,7,237,325
1854,Bas,Port 8,GRB,ArtNet,15,10,235,325
1855,Bas,Port 8,GRB,ArtNet,15,13,233,325
1856,Bas,Port 8,GRB,ArtNet,15,16,232,325
1857,Bas,Port 8,GRB,ArtNet,15,19,230,325
1858,Bas,Port 8,GRB,ArtNet,15,22,228,325
1859,Bas,Port 8,GRB,ArtNet,15,25,227,325
1860,Bas,Port 8,GRB,ArtNet,15,28,225,325
1861,Bas,Port 8,GRB,ArtNet,15,31,225,324
1862,Bas,Port 8,GRB,ArtNet,15,34,225,322
1863,Bas,Port 8,GRB,ArtNet,15,37,225,321
1864,Bas,Port 8,GRB,ArtNet,15,40,225,319
1865,Bas,Port 8,GRB,ArtNet,15,43,225,317
1866,Bas,Port 8,GRB,ArtNet,15,46,225,316
1867,Bas,Port 8,GRB,ArtNet,15,49,225,314
1868,Bas,Port 8,GRB,ArtNet,15,52,225,312
1869,Bas,Port 8,GRB,ArtNet,15,55,225,311
1870,Bas,Port 8,GRB,ArtNet,15,58,225,309
1871,Bas,Port 8,GRB,ArtNet,15,61,225,307
1872,Bas,Port 8,GRB,ArtNet,15,64,225,306
1873,Bas,Port 8,GRB,ArtNet,15,67,225,304
1874,Bas,Port 8,GRB,ArtNet,15,70,225,302
1875,Bas,Port 8,GRB,ArtNet,15,73,225,301
1876,Bas,Port 8,GRB,ArtNet,15,76,225,299
1877,Bas,Port 8,GRB,ArtNet,15,79,225,297
1878,Bas,Port 8,GRB,ArtNet,15,82,225,295
1879,Bas,Port 8,GRB,ArtNet,15,85,225,294
1880,Bas,Port 8,GRB,ArtNet,15,88,225,292
1881,Bas,Port 8,GRB,ArtNet,15,91,225,290
1882,Bas,Port 8,GRB,ArtNet,15,94,225,289
1883,Bas,Port 8,GRB,ArtNet,15,97,225,287
1884,Bas,Port 8,GRB,ArtNet,15,100,225,285
1885,Bas,Port 8,GRB,ArtNet,15,103,225,284
1886,Bas,Port 8,GRB,ArtNet,15,106,225,282
1887,Bas,Port 8,GRB,ArtNet,15,109,225,280
1888,Bas,Port 8,GRB,ArtNet,15,112,225,279
1889,Bas,Port 8,GRB,ArtNet,15,115,225,277
1890,Bas,Port 8,GRB,ArtNet,15,118,225,275
1891,Bas,Port 8,GRB,ArtNet,15,121,225,274
1892,Bas,Port 8,GRB,ArtNet,15,124,225,272
1893,Bas,Port 8,GRB,ArtNet,15,127,225,270
1894,Bas,Port 8,GRB,ArtNet,15,130,225,269
1895,Bas,Port 8,GRB,ArtNet,15,133,225,267
1896,Bas,Port 8,GRB,ArtNet,15,136,225,265
1897,Bas,Port 8,GRB,ArtNet,15,139,225,264
1898,Bas,Port 8,GRB,ArtNet,15,142,225,262
1899,Bas,Port 8,GRB,ArtNet,15,145,225,260
1900,Bas,Port 8,GRB,ArtNet,15,148,225,259
1901,Bas,Port 8,GRB,ArtNet,15,151,225,257
1902,Bas,Port 8,GRB,ArtNet,15,154,225,255
1903,Bas,Port 8,GRB,ArtNet,15,157,225,254
1904,Bas,Port 8,GRB,ArtNet,15,160,225,252
1905,Bas,Port 8,GRB,ArtNet,15,163,225,250
1906,Bas,Port 8,GRB,ArtNet,15,166,225,248
1907,Bas,Port 8,GRB,ArtNet,15,169,225,247
1908,Bas,Port 8,GRB,ArtNet,15,172,225,245
1909,Bas,Port 8,GRB,ArtNet,15,175,225,243
1910,Bas,Port 8,GRB,ArtNet,15,178,225,242
1911,Bas,Port 8,GRB,ArtNet,15,181,225,240
1912,Bas,Port 8,GRB,ArtNet,15,184,225,238
1913,Bas,Port 8,GRB,ArtNet,15,187,225,237
1914,Bas,Port 8,GRB,ArtNet,15,190,225,235
1915,Bas,Port 8,GRB,ArtNet,15,193,225,233
1916,Bas,Port 8,GRB,ArtNet,15,196,225,232
1917,Bas,Port 8,GRB,ArtNet,15,199,225,230
1918,Bas,Port 8,GRB,ArtNet,15,202,225,228
1919,Bas,Port 8,GRB,ArtNet,15,205,225,227
1920,Bas,Port 8,GRB,ArtNet,15,208,225,225
